-- MySQL dump 10.13  Distrib 8.0.23, for Linux (x86_64)
--
-- Host: localhost    Database: vk
-- ------------------------------------------------------
-- Server version	8.0.23-0ubuntu0.20.04.1

/*!40101 SET @OLD_CHARACTER_SET_CLIENT=@@CHARACTER_SET_CLIENT */;
/*!40101 SET @OLD_CHARACTER_SET_RESULTS=@@CHARACTER_SET_RESULTS */;
/*!40101 SET @OLD_COLLATION_CONNECTION=@@COLLATION_CONNECTION */;
/*!50503 SET NAMES utf8mb4 */;
/*!40103 SET @OLD_TIME_ZONE=@@TIME_ZONE */;
/*!40103 SET TIME_ZONE='+00:00' */;
/*!40014 SET @OLD_UNIQUE_CHECKS=@@UNIQUE_CHECKS, UNIQUE_CHECKS=0 */;
/*!40014 SET @OLD_FOREIGN_KEY_CHECKS=@@FOREIGN_KEY_CHECKS, FOREIGN_KEY_CHECKS=0 */;
/*!40101 SET @OLD_SQL_MODE=@@SQL_MODE, SQL_MODE='NO_AUTO_VALUE_ON_ZERO' */;
/*!40111 SET @OLD_SQL_NOTES=@@SQL_NOTES, SQL_NOTES=0 */;

--
-- Table structure for table `communities`
--

DROP TABLE IF EXISTS `communities`;
/*!40101 SET @saved_cs_client     = @@character_set_client */;
/*!50503 SET character_set_client = utf8mb4 */;
CREATE TABLE `communities` (
  `id` int unsigned NOT NULL AUTO_INCREMENT COMMENT 'Идентификатор сроки',
  `name` varchar(150) CHARACTER SET utf8mb4 COLLATE utf8mb4_unicode_ci NOT NULL COMMENT 'Название группы',
  `created_at` datetime DEFAULT CURRENT_TIMESTAMP COMMENT 'Время создания строки',
  `updated_at` datetime DEFAULT CURRENT_TIMESTAMP ON UPDATE CURRENT_TIMESTAMP COMMENT 'Время обновления строки',
  PRIMARY KEY (`id`),
  UNIQUE KEY `name` (`name`)
) ENGINE=InnoDB AUTO_INCREMENT=101 DEFAULT CHARSET=utf8mb4 COLLATE=utf8mb4_unicode_ci COMMENT='Группы';
/*!40101 SET character_set_client = @saved_cs_client */;

--
-- Dumping data for table `communities`
--

LOCK TABLES `communities` WRITE;
/*!40000 ALTER TABLE `communities` DISABLE KEYS */;
INSERT INTO `communities` VALUES (1,'voluptatibus','1979-03-10 15:29:29','2004-05-15 10:16:41'),(2,'voluptas','2011-01-02 23:05:55','1977-02-05 10:01:42'),(3,'ea','1990-01-03 21:19:56','1994-12-05 14:33:45'),(4,'asperiores','1973-09-07 23:24:21','2001-01-17 07:21:00'),(5,'non','1974-07-28 08:09:02','1987-10-06 08:19:44'),(6,'in','1996-06-12 11:08:13','1992-11-04 22:46:38'),(7,'quos','2018-12-17 21:02:50','2011-09-13 16:33:44'),(8,'at','2019-03-04 12:53:10','2006-06-08 10:45:10'),(9,'corporis','2017-12-11 10:16:43','2014-06-06 19:27:06'),(10,'sint','2020-01-13 19:51:55','1982-05-04 01:46:06'),(11,'vitae','2017-10-18 02:11:42','2013-11-05 06:44:50'),(12,'quisquam','1976-02-29 22:25:10','1984-12-18 07:36:24'),(13,'et','1985-08-11 21:24:42','1992-03-03 00:35:05'),(14,'sit','1971-08-06 21:35:32','1973-09-04 11:54:43'),(15,'nisi','2012-10-21 11:35:49','1989-07-13 10:43:53'),(16,'doloremque','1970-11-01 15:55:05','2001-11-21 23:44:03'),(17,'unde','2017-12-28 03:41:49','1982-02-15 02:03:21'),(18,'voluptatem','2000-08-27 19:05:50','2020-03-18 15:39:28'),(19,'aut','1982-03-21 09:03:50','2008-03-01 09:38:35'),(20,'consectetur','1999-02-01 16:20:51','2015-09-05 23:07:15'),(21,'repudiandae','2012-07-20 10:48:41','1972-12-06 18:54:24'),(22,'voluptates','1973-11-30 18:29:49','1995-07-01 21:03:12'),(23,'sed','1983-12-28 14:33:54','2009-10-28 12:27:28'),(24,'dignissimos','1974-07-16 00:21:08','1991-08-24 14:54:25'),(25,'itaque','1986-06-21 02:09:53','1991-10-02 18:13:08'),(26,'ab','1975-09-07 14:42:52','1984-05-16 12:02:28'),(27,'reiciendis','1974-03-28 19:19:56','1983-11-16 04:39:55'),(28,'illum','1975-08-31 13:02:54','2003-11-26 20:06:03'),(29,'facere','1979-07-02 02:35:04','2010-07-29 21:56:04'),(30,'velit','2002-10-19 01:24:46','2018-09-02 04:46:35'),(31,'est','1986-08-24 23:39:08','1988-09-01 13:23:47'),(32,'rerum','2012-12-17 00:22:52','1990-08-21 12:43:13'),(33,'explicabo','2004-03-23 00:49:28','1994-08-25 00:00:20'),(34,'id','1982-08-18 09:49:45','1980-04-22 11:22:40'),(35,'debitis','1988-11-25 07:24:27','1971-10-17 20:39:47'),(36,'perspiciatis','1991-09-09 02:35:33','1972-05-15 02:44:16'),(37,'temporibus','1994-01-05 01:00:15','1999-10-01 08:22:15'),(38,'praesentium','1971-03-25 07:03:11','1970-12-14 19:07:55'),(39,'rem','2009-03-19 11:33:03','1996-12-03 08:26:12'),(40,'ad','1984-12-02 00:50:26','2016-04-07 02:29:50'),(41,'cupiditate','2015-07-04 12:38:59','1993-10-14 18:11:00'),(42,'nesciunt','2005-03-02 22:33:28','1999-03-29 04:28:32'),(43,'omnis','1973-10-07 13:34:36','2019-07-09 23:02:13'),(44,'saepe','1971-10-23 09:18:01','1980-10-11 17:11:03'),(45,'harum','2002-10-17 08:12:11','2002-06-26 11:06:30'),(46,'quod','1984-10-30 04:55:05','1982-08-02 01:38:45'),(47,'qui','1976-08-01 06:11:38','1971-05-31 18:46:47'),(48,'dolorem','2000-01-23 06:20:02','2015-06-12 02:12:23'),(49,'exercitationem','1973-04-12 23:13:53','2010-10-02 06:15:50'),(50,'amet','2010-07-29 18:23:43','2006-07-01 04:36:38'),(51,'ex','2002-11-10 08:56:47','2017-06-21 16:04:13'),(52,'quasi','2001-04-19 12:29:41','1976-11-20 15:51:32'),(53,'odio','1997-11-28 02:19:04','2019-03-02 09:21:50'),(54,'culpa','1987-12-28 13:50:28','1971-12-12 11:01:31'),(55,'dolor','1992-12-05 00:01:21','2017-03-26 07:19:42'),(56,'deserunt','1995-12-04 13:31:13','1993-11-01 17:19:04'),(57,'autem','1990-03-30 11:39:59','1984-03-09 20:22:40'),(58,'magni','1973-03-09 15:42:25','1981-01-12 21:51:49'),(59,'ut','1984-03-13 00:03:42','1972-07-21 00:42:29'),(60,'nulla','2015-03-22 00:24:49','2010-01-24 00:36:05'),(61,'illo','1996-06-05 18:18:34','1975-10-11 09:33:40'),(62,'nostrum','2001-01-23 08:29:07','2003-04-26 15:25:05'),(63,'quas','2012-09-10 23:09:59','2005-08-08 20:43:48'),(64,'nihil','2000-12-03 11:35:03','2020-07-28 22:15:59'),(65,'tenetur','1975-01-02 09:04:53','2005-06-28 16:54:26'),(66,'suscipit','1975-08-24 09:49:29','1986-04-16 11:15:47'),(67,'dolores','1971-08-09 19:11:31','1972-10-02 02:59:01'),(68,'maiores','1970-12-12 23:21:03','1984-12-03 11:28:50'),(69,'quis','1995-06-13 07:44:19','1976-01-12 02:54:52'),(70,'sunt','1979-04-27 03:12:23','2009-01-18 13:01:05'),(71,'occaecati','1976-05-14 22:12:46','1980-03-17 03:34:02'),(72,'neque','2016-06-17 17:22:26','1984-10-23 04:25:26'),(73,'dicta','1996-01-06 01:14:31','2020-11-18 19:10:27'),(74,'molestiae','1997-10-16 13:03:52','1974-03-28 14:29:56'),(75,'earum','1987-05-22 17:39:57','2013-12-27 02:43:27'),(76,'enim','2015-01-26 09:38:48','1983-12-07 10:46:14'),(77,'veniam','1979-08-01 01:45:01','2013-12-18 03:45:22'),(78,'ipsa','2015-10-17 13:19:37','1983-02-25 13:29:43'),(79,'quam','2002-05-22 03:01:06','1990-10-23 03:50:30'),(80,'quibusdam','2002-09-16 08:18:20','1987-10-12 07:16:46'),(81,'voluptatum','1981-04-27 16:24:31','1979-05-06 14:53:21'),(82,'nemo','1995-08-12 15:03:22','2011-02-27 04:04:21'),(83,'incidunt','2019-06-14 17:37:52','2012-09-07 06:02:21'),(84,'doloribus','1987-08-18 06:42:55','1979-04-16 13:07:04'),(85,'natus','1996-02-22 03:20:36','2001-05-24 00:36:20'),(86,'vel','1973-11-12 18:16:34','1994-03-31 09:31:38'),(87,'quaerat','1985-03-14 00:05:05','1984-04-26 00:05:23'),(88,'totam','2011-12-18 03:20:38','2004-03-04 21:30:08'),(89,'perferendis','1979-08-19 01:58:51','2020-05-03 16:45:16'),(90,'delectus','1970-04-23 20:57:20','1998-04-06 10:43:14'),(91,'consequatur','2001-04-02 03:57:58','1994-02-27 21:13:49'),(92,'quia','1991-03-05 23:06:20','2017-06-10 05:19:04'),(93,'dolore','1980-01-02 10:58:29','1982-06-26 08:09:01'),(94,'beatae','2017-06-22 15:06:46','2000-05-26 21:28:18'),(95,'atque','2007-07-01 01:10:47','1975-10-03 04:39:49'),(96,'ipsam','2015-01-22 05:46:19','2005-06-24 10:24:35'),(97,'odit','2008-12-26 16:22:40','2013-07-31 21:48:57'),(98,'soluta','2011-02-18 21:47:04','1972-07-21 13:02:33'),(99,'reprehenderit','2013-03-12 07:21:45','2016-03-09 07:50:32'),(100,'quo','1973-08-24 01:53:56','2000-10-31 17:24:52');
/*!40000 ALTER TABLE `communities` ENABLE KEYS */;
UNLOCK TABLES;

--
-- Table structure for table `communities_users`
--

DROP TABLE IF EXISTS `communities_users`;
/*!40101 SET @saved_cs_client     = @@character_set_client */;
/*!50503 SET character_set_client = utf8mb4 */;
CREATE TABLE `communities_users` (
  `community_id` int unsigned NOT NULL COMMENT 'Ссылка на группу',
  `user_id` int unsigned NOT NULL COMMENT 'Ссылка на пользователя',
  `created_at` datetime DEFAULT CURRENT_TIMESTAMP COMMENT 'Время создания строки',
  PRIMARY KEY (`community_id`,`user_id`) COMMENT 'Составной первичный ключ'
) ENGINE=InnoDB DEFAULT CHARSET=utf8mb4 COLLATE=utf8mb4_unicode_ci COMMENT='Участники групп, связь между пользователями и группами';
/*!40101 SET character_set_client = @saved_cs_client */;

--
-- Dumping data for table `communities_users`
--

LOCK TABLES `communities_users` WRITE;
/*!40000 ALTER TABLE `communities_users` DISABLE KEYS */;
INSERT INTO `communities_users` VALUES (1,1,'2013-06-13 14:06:28'),(2,2,'1992-06-29 03:42:18'),(3,3,'1971-05-09 15:30:31'),(4,4,'1980-08-05 00:17:58'),(5,5,'1978-04-20 13:16:55'),(6,6,'2009-03-12 06:30:56'),(7,7,'1987-10-08 17:11:04'),(8,8,'2011-10-20 10:05:19'),(9,9,'2006-10-28 17:11:23'),(10,10,'1971-08-01 17:45:15'),(11,11,'2007-10-20 00:33:57'),(12,12,'1974-07-10 03:55:40'),(13,13,'2006-04-17 18:33:05'),(14,14,'1994-12-05 06:58:37'),(15,15,'2012-12-12 02:33:57'),(16,16,'1977-09-09 12:53:24'),(17,17,'1973-02-27 02:48:44'),(18,18,'1992-02-17 14:03:07'),(19,19,'1989-01-26 11:06:22'),(20,20,'2005-04-23 15:02:48'),(21,21,'2011-10-04 08:43:46'),(22,22,'1993-03-17 03:37:37'),(23,23,'1974-01-23 05:56:18'),(24,24,'1975-11-04 06:14:33'),(25,25,'1992-09-09 01:48:17'),(26,26,'2012-08-05 01:22:37'),(27,27,'1976-08-30 18:33:32'),(28,28,'2011-09-15 17:48:23'),(29,29,'2015-11-03 23:08:39'),(30,30,'2009-07-19 16:38:47'),(31,31,'1976-03-16 00:19:31'),(32,32,'2016-01-02 10:11:02'),(33,33,'1973-04-27 20:21:43'),(34,34,'1990-02-20 20:33:48'),(35,35,'1998-12-26 18:03:03'),(36,36,'1973-03-24 18:37:03'),(37,37,'2006-06-13 23:14:13'),(38,38,'2008-11-22 14:00:40'),(39,39,'2002-08-20 05:44:07'),(40,40,'1971-10-10 06:13:58'),(41,41,'1979-09-21 14:44:20'),(42,42,'1974-06-19 14:29:56'),(43,43,'1978-02-08 13:28:32'),(44,44,'1975-12-02 15:33:08'),(45,45,'2009-03-06 06:03:40'),(46,46,'2016-02-20 09:22:05'),(47,47,'2012-04-17 15:08:14'),(48,48,'1981-02-23 11:00:11'),(49,49,'1983-03-16 01:52:09'),(50,50,'1991-09-24 17:43:50'),(51,51,'1981-06-20 03:51:58'),(52,52,'1981-07-28 20:56:53'),(53,53,'2011-06-03 08:07:33'),(54,54,'2007-03-02 02:08:41'),(55,55,'1982-01-09 17:42:58'),(56,56,'1971-09-11 12:36:28'),(57,57,'1996-01-06 13:42:11'),(58,58,'1995-09-23 14:49:10'),(59,59,'1973-05-06 10:36:47'),(60,60,'2003-01-02 16:03:34'),(61,61,'2006-12-07 06:25:31'),(62,62,'2001-02-03 06:23:01'),(63,63,'1996-01-31 00:10:31'),(64,64,'2002-12-26 18:47:33'),(65,65,'2020-01-27 10:56:02'),(66,66,'1988-01-07 18:26:43'),(67,67,'2001-05-04 15:39:32'),(68,68,'2020-11-12 10:41:23'),(69,69,'2012-10-26 19:21:14'),(70,70,'1989-08-25 03:01:20'),(71,71,'2000-09-30 17:52:55'),(72,72,'1983-05-14 04:09:22'),(73,73,'1976-09-18 08:02:48'),(74,74,'1994-12-27 20:56:03'),(75,75,'1980-12-11 05:18:36'),(76,76,'2007-11-11 15:18:43'),(77,77,'1991-06-21 18:37:19'),(78,78,'2010-12-16 15:49:16'),(79,79,'1970-06-11 10:29:06'),(80,80,'1982-02-19 18:33:21'),(81,81,'1973-05-28 10:28:12'),(82,82,'2010-05-29 01:29:49'),(83,83,'1978-03-01 04:03:33'),(84,84,'2010-09-12 21:25:24'),(85,85,'1985-12-25 20:00:07'),(86,86,'2020-01-30 04:13:16'),(87,87,'1993-12-26 05:04:30'),(88,88,'2012-10-21 15:15:56'),(89,89,'1988-01-10 08:04:35'),(90,90,'1984-09-27 04:04:28'),(91,91,'2001-08-17 09:04:15'),(92,92,'2014-04-28 01:02:38'),(93,93,'1975-12-04 23:59:31'),(94,94,'2001-07-31 22:09:16'),(95,95,'1983-09-08 11:11:56'),(96,96,'2014-08-08 22:23:58'),(97,97,'2014-08-05 20:11:22'),(98,98,'1983-11-10 14:53:46'),(99,99,'2014-11-03 09:01:42'),(100,100,'1986-07-27 01:29:01');
/*!40000 ALTER TABLE `communities_users` ENABLE KEYS */;
UNLOCK TABLES;

--
-- Table structure for table `friendship`
--

DROP TABLE IF EXISTS `friendship`;
/*!40101 SET @saved_cs_client     = @@character_set_client */;
/*!50503 SET character_set_client = utf8mb4 */;
CREATE TABLE `friendship` (
  `user_id` int unsigned NOT NULL COMMENT 'Ссылка на инициатора дружеских отношений',
  `friend_id` int unsigned NOT NULL COMMENT 'Ссылка на получателя приглашения дружить',
  `status_id` int unsigned NOT NULL COMMENT 'Ссылка на статус (текущее состояние) отношений',
  `requested_at` datetime DEFAULT CURRENT_TIMESTAMP COMMENT 'Время отправления приглашения дружить',
  `confirmed_at` datetime DEFAULT NULL COMMENT 'Время подтверждения приглашения',
  `created_at` datetime DEFAULT CURRENT_TIMESTAMP COMMENT 'Время создания строки',
  `updated_at` datetime DEFAULT CURRENT_TIMESTAMP ON UPDATE CURRENT_TIMESTAMP COMMENT 'Время обновления строки',
  PRIMARY KEY (`user_id`,`friend_id`) COMMENT 'Составной первичный ключ'
) ENGINE=InnoDB DEFAULT CHARSET=utf8mb4 COLLATE=utf8mb4_unicode_ci COMMENT='Таблица дружбы';
/*!40101 SET character_set_client = @saved_cs_client */;

--
-- Dumping data for table `friendship`
--

LOCK TABLES `friendship` WRITE;
/*!40000 ALTER TABLE `friendship` DISABLE KEYS */;
INSERT INTO `friendship` VALUES (1,61,1,'1974-06-10 03:52:38','2009-02-27 14:59:06','2010-04-24 15:07:03','2021-03-13 17:35:33'),(2,49,1,'2000-05-24 15:02:59','2020-07-22 23:58:58','2004-12-17 00:13:03','2021-03-13 17:35:33'),(3,73,1,'2004-05-01 17:58:09','1981-08-13 18:46:32','2012-10-29 09:53:57','2021-03-13 17:35:33'),(4,44,3,'1987-02-02 19:15:44','1975-01-10 09:32:11','1985-05-24 00:18:14','2021-03-13 17:35:33'),(5,60,1,'2002-03-17 09:44:08','2020-08-29 05:28:49','2009-02-15 02:24:38','2021-03-13 17:35:33'),(6,86,3,'1979-03-28 05:46:26','1984-10-04 14:30:17','2018-02-19 11:11:56','2021-03-13 17:35:33'),(7,92,2,'1979-10-13 00:49:39','1976-05-25 10:57:21','1976-01-18 07:34:03','2021-03-13 17:35:33'),(8,79,3,'2020-01-15 05:11:12','1999-10-13 18:03:12','1976-04-15 19:16:03','2021-03-13 17:35:33'),(9,45,1,'1970-08-03 20:43:44','1993-09-27 02:45:22','2001-11-20 20:40:39','2021-03-13 17:35:33'),(10,86,1,'2007-03-31 02:44:30','1999-03-21 01:31:53','1980-11-18 08:07:29','2021-03-13 17:35:33'),(11,48,3,'2020-08-08 13:22:37','2017-09-27 19:53:20','2006-05-16 01:51:22','2021-03-13 17:35:33'),(12,79,1,'1988-02-16 05:12:14','1976-01-10 18:53:41','2017-07-23 23:29:14','2021-03-13 17:35:33'),(13,93,2,'1985-06-28 09:47:52','1985-10-07 18:09:32','2005-05-28 07:46:43','2021-03-13 17:35:33'),(14,81,2,'1999-06-17 10:58:53','1996-12-30 21:04:51','2005-11-24 21:56:19','2021-03-13 17:35:33'),(15,2,2,'1981-07-01 17:53:05','2002-01-20 05:53:51','2013-11-26 17:40:48','2021-03-13 17:35:33'),(16,68,1,'2002-11-16 20:01:46','1989-01-15 01:23:40','2017-08-30 10:23:52','2021-03-13 17:35:33'),(17,30,2,'1998-09-09 14:17:45','1983-06-25 21:19:26','1973-09-16 11:48:45','2021-03-13 17:35:33'),(18,44,1,'2018-11-28 13:03:47','1984-06-14 03:34:19','1989-01-05 15:27:04','2021-03-13 17:35:33'),(19,83,1,'2005-01-10 15:53:36','2012-03-13 17:52:54','2015-07-16 14:09:47','2021-03-13 17:35:33'),(20,39,1,'1990-11-17 03:55:45','1996-04-16 09:08:58','1987-03-21 15:43:11','2021-03-13 17:35:33'),(21,93,3,'2020-02-04 07:05:38','1982-11-17 02:07:22','1970-09-17 23:41:53','2021-03-13 17:35:33'),(22,93,3,'2006-02-09 02:57:55','1986-10-02 23:12:36','1983-08-05 21:46:19','2021-03-13 17:35:33'),(23,74,3,'1981-05-31 03:30:57','2019-12-18 18:16:34','2012-09-20 20:26:43','2021-03-13 17:35:33'),(24,69,3,'1979-06-28 17:15:07','1978-12-03 01:47:16','2014-04-20 02:59:29','2021-03-13 17:35:33'),(25,62,1,'2010-03-11 14:57:32','1975-08-05 18:47:29','1978-06-07 13:04:09','2021-03-13 17:35:33'),(26,59,2,'1996-09-13 01:19:34','1984-11-20 12:15:21','2013-06-28 15:07:39','2021-03-13 17:35:33'),(27,76,1,'1993-01-06 08:03:19','2004-08-02 20:14:15','1992-06-24 01:04:06','2021-03-13 17:35:33'),(28,81,2,'1976-07-27 07:21:30','2009-05-03 09:33:13','1990-11-04 11:37:00','2021-03-13 17:35:33'),(29,96,1,'1978-12-09 01:54:55','2015-09-29 09:28:50','2006-01-01 16:53:48','2021-03-13 17:35:33'),(30,29,3,'2015-09-25 04:17:45','2010-03-13 11:59:46','2012-02-11 22:44:51','2021-03-13 17:35:33'),(31,45,1,'1975-09-09 09:10:05','1972-07-29 16:50:02','1986-06-14 15:01:21','2021-03-13 17:35:33'),(32,51,1,'2004-11-10 18:44:28','2014-11-27 23:55:51','1976-09-23 05:30:17','2021-03-13 17:35:33'),(33,10,2,'1975-01-14 07:55:13','1996-07-16 10:28:55','2002-05-10 00:04:19','2021-03-13 17:35:33'),(34,55,2,'2013-09-08 21:22:58','2018-03-17 03:45:10','1993-07-17 21:21:52','2021-03-13 17:35:33'),(35,97,2,'2003-12-14 00:40:45','1981-06-08 19:34:23','1984-08-31 16:16:50','2021-03-13 17:35:33'),(36,86,1,'2006-06-17 16:51:10','1989-06-29 23:03:16','2014-05-01 21:19:12','2021-03-13 17:35:33'),(37,73,3,'2003-10-19 01:40:22','1995-11-07 22:07:12','1981-12-26 02:38:56','2021-03-13 17:35:33'),(38,54,2,'1980-03-25 12:40:48','2000-11-11 15:21:44','1987-05-19 22:39:47','2021-03-13 17:35:33'),(39,69,2,'1975-07-18 22:54:24','2020-02-07 06:19:33','1972-12-16 08:13:49','2021-03-13 17:35:33'),(40,65,3,'1991-12-22 02:19:25','1977-09-14 20:13:01','1974-06-05 09:21:17','2021-03-13 17:35:33'),(41,97,1,'2020-06-06 07:17:42','1990-07-25 11:50:22','1991-11-30 23:12:26','2021-03-13 17:35:33'),(42,45,1,'1982-01-30 13:00:30','1989-11-09 23:55:43','1994-09-22 13:29:41','2021-03-13 17:35:33'),(43,6,3,'2015-12-06 09:35:05','1989-03-08 19:56:07','1979-02-03 17:44:00','2021-03-13 17:35:33'),(44,4,2,'2007-07-10 06:24:19','2000-12-07 08:09:36','1999-01-10 12:59:44','2021-03-13 17:35:33'),(45,86,2,'1995-08-03 12:55:26','2010-10-05 06:58:01','1990-07-27 09:07:55','2021-03-13 17:35:33'),(46,62,3,'2015-02-18 10:00:41','2013-06-17 08:29:50','2001-04-14 22:27:02','2021-03-13 17:35:33'),(47,88,1,'1995-01-19 02:06:06','1981-06-19 23:17:04','1992-05-13 10:12:39','2021-03-13 17:35:33'),(48,68,3,'2013-06-16 20:30:15','1974-10-22 16:26:49','2002-01-01 12:16:49','2021-03-13 17:35:33'),(49,81,1,'1978-10-22 11:51:09','2000-10-01 09:40:01','1996-08-14 17:28:19','2021-03-13 17:35:33'),(50,32,3,'2008-05-29 17:10:19','2012-04-06 20:06:00','2009-10-24 06:13:59','2021-03-13 17:35:33'),(51,23,2,'1991-08-29 17:12:58','2013-08-13 20:57:27','2016-12-26 04:01:47','2021-03-13 17:35:33'),(52,61,2,'1989-10-20 05:36:20','2001-12-19 20:22:17','1998-05-30 08:10:44','2021-03-13 17:35:33'),(53,5,2,'1970-02-16 16:24:57','2003-03-03 08:11:51','1980-04-20 01:44:14','2021-03-13 17:35:33'),(54,31,2,'1986-02-11 10:00:14','1981-12-06 10:05:22','2003-09-01 00:38:48','2021-03-13 17:35:33'),(55,45,1,'1986-03-04 00:17:32','1988-03-27 20:56:19','1987-10-25 10:40:44','2021-03-13 17:35:33'),(56,37,1,'1983-06-10 17:32:02','2011-09-30 14:55:53','1997-01-02 07:56:11','2021-03-13 17:35:33'),(57,64,2,'1989-09-01 18:34:15','2004-10-21 23:22:26','1979-10-25 19:54:54','2021-03-13 17:35:33'),(58,36,1,'2008-07-26 20:36:13','1996-03-13 01:25:44','1975-10-30 07:59:09','2021-03-13 17:35:33'),(59,8,2,'2002-02-01 12:11:03','1989-03-28 17:29:37','1977-04-26 14:42:14','2021-03-13 17:35:33'),(60,20,1,'1994-01-17 13:46:33','1979-08-01 15:20:54','1986-02-09 22:26:14','2021-03-13 17:35:33'),(61,67,3,'1992-08-10 04:47:30','1994-10-09 16:02:33','2013-04-30 06:14:55','2021-03-13 17:35:33'),(62,15,1,'1981-06-08 20:38:39','1999-07-04 13:45:58','2020-10-31 14:18:44','2021-03-13 17:35:33'),(63,69,2,'2010-06-23 10:58:02','1975-08-13 01:45:25','2016-03-04 20:31:53','2021-03-13 17:35:33'),(64,83,3,'2010-01-30 21:16:36','1981-01-17 14:35:33','1970-04-12 21:11:15','2021-03-13 17:35:33'),(65,81,2,'1986-10-07 13:39:00','1970-01-08 07:06:13','1998-03-21 08:09:01','2021-03-13 17:35:33'),(66,41,1,'1998-08-20 18:22:50','1976-03-29 21:09:35','1979-02-20 12:56:04','2021-03-13 17:35:33'),(67,36,2,'1971-06-01 13:53:23','1980-04-16 11:04:15','1977-07-31 20:12:40','2021-03-13 17:35:33'),(68,4,2,'1993-08-14 05:41:29','2017-06-05 12:17:06','1976-02-28 23:09:58','2021-03-13 17:35:33'),(69,21,2,'1985-11-10 08:44:57','2011-10-13 02:32:52','2004-07-17 21:20:51','2021-03-13 17:35:33'),(70,46,1,'2003-09-08 10:23:15','2005-03-21 10:56:06','2013-05-01 19:52:39','2021-03-13 17:35:33'),(71,43,1,'1976-02-26 10:01:20','1986-08-25 10:10:10','1991-02-22 22:24:02','2021-03-13 17:35:33'),(72,40,1,'1998-12-26 02:19:05','2008-07-21 06:11:26','1993-07-23 02:52:54','2021-03-13 17:35:33'),(73,27,3,'2013-11-18 08:17:52','2008-02-09 20:04:21','1975-01-13 00:59:29','2021-03-13 17:35:33'),(74,57,1,'1998-06-07 12:19:08','1974-05-22 07:06:29','1992-09-02 09:26:43','2021-03-13 17:35:33'),(75,44,1,'2004-05-22 11:35:17','2014-05-26 00:32:22','1999-12-04 06:45:05','2021-03-13 17:35:33'),(76,31,3,'2013-08-13 13:52:34','2004-03-08 12:57:01','1978-06-29 20:03:57','2021-03-13 17:35:33'),(77,30,2,'2009-09-22 02:05:01','1974-01-18 08:57:59','2007-12-03 20:24:05','2021-03-13 17:35:33'),(78,77,1,'1997-05-27 01:12:10','2004-10-17 05:18:42','2007-03-12 16:20:13','2021-03-13 17:35:33'),(79,48,2,'2008-03-19 10:21:11','1992-12-01 07:28:28','2010-05-20 22:00:53','2021-03-13 17:35:33'),(80,8,3,'1996-04-30 00:01:11','1997-08-28 07:18:05','2009-08-03 09:39:15','2021-03-13 17:35:33'),(81,82,2,'2007-06-11 12:05:47','2003-02-04 22:01:00','1983-03-14 14:08:46','2021-03-13 17:35:33'),(82,36,3,'2020-04-01 09:19:23','1988-02-25 12:29:33','1998-10-19 03:57:49','2021-03-13 17:35:33'),(83,79,2,'1970-04-09 06:51:25','1971-05-01 16:58:32','2006-05-14 05:41:01','2021-03-13 17:35:33'),(84,11,1,'1984-11-15 23:07:05','2014-01-31 17:11:31','2001-04-15 16:56:14','2021-03-13 17:35:33'),(85,75,1,'2018-05-24 11:36:27','2009-04-12 03:05:09','2000-09-23 17:05:14','2021-03-13 17:35:33'),(86,83,3,'1999-03-16 20:51:38','1970-02-20 17:40:10','1974-10-02 19:32:33','2021-03-13 17:35:33'),(87,97,2,'2001-07-23 16:03:07','1994-05-14 09:38:58','2002-07-19 01:47:36','2021-03-13 17:35:33'),(88,40,1,'1979-03-11 17:34:17','1972-09-01 00:57:59','1998-03-11 22:19:12','2021-03-13 17:35:33'),(89,42,1,'1996-01-07 18:41:17','2014-08-28 12:21:58','1971-09-04 06:14:04','2021-03-13 17:35:33'),(90,98,3,'1970-06-30 07:41:31','1999-09-04 20:55:48','2001-12-08 13:22:45','2021-03-13 17:35:33'),(91,97,1,'1975-05-31 14:00:19','2005-09-22 17:33:54','1981-05-22 15:21:27','2021-03-13 17:35:33'),(92,54,3,'1970-03-28 23:26:51','2000-08-01 05:25:16','1978-01-30 12:56:43','2021-03-13 17:35:33'),(93,77,3,'1975-08-08 20:23:43','2006-01-14 10:29:10','1985-02-23 17:51:51','2021-03-13 17:35:33'),(94,1,3,'1973-07-31 03:14:10','2018-08-30 23:54:36','1986-03-25 03:09:00','2021-03-13 17:35:33'),(95,52,2,'1982-10-03 07:45:17','1974-06-23 03:56:49','1987-06-16 08:27:08','2021-03-13 17:35:33'),(96,53,3,'1991-08-22 01:42:35','2018-06-10 02:47:01','2005-07-08 10:31:33','2021-03-13 17:35:33'),(97,76,3,'1980-04-26 06:11:17','2009-03-07 10:46:43','2002-01-13 15:08:24','2021-03-13 17:35:33'),(98,10,1,'2011-09-10 17:45:06','1997-03-19 19:38:55','1994-03-13 13:48:52','2021-03-13 17:35:33'),(99,43,1,'1970-04-26 07:27:09','2001-09-27 03:03:54','1980-04-14 18:32:14','2021-03-13 17:35:33'),(100,3,3,'1995-09-02 17:35:29','2003-08-05 19:11:20','2016-10-12 06:47:12','2021-03-13 17:35:33');
/*!40000 ALTER TABLE `friendship` ENABLE KEYS */;
UNLOCK TABLES;

--
-- Table structure for table `friendship_statuses`
--

DROP TABLE IF EXISTS `friendship_statuses`;
/*!40101 SET @saved_cs_client     = @@character_set_client */;
/*!50503 SET character_set_client = utf8mb4 */;
CREATE TABLE `friendship_statuses` (
  `id` int unsigned NOT NULL AUTO_INCREMENT COMMENT 'Идентификатор строки',
  `name` varchar(150) CHARACTER SET utf8mb4 COLLATE utf8mb4_unicode_ci NOT NULL COMMENT 'Название статуса',
  `created_at` datetime DEFAULT CURRENT_TIMESTAMP COMMENT 'Время создания строки',
  `updated_at` datetime DEFAULT CURRENT_TIMESTAMP ON UPDATE CURRENT_TIMESTAMP COMMENT 'Время обновления строки',
  PRIMARY KEY (`id`),
  UNIQUE KEY `name` (`name`)
) ENGINE=InnoDB AUTO_INCREMENT=4 DEFAULT CHARSET=utf8mb4 COLLATE=utf8mb4_unicode_ci COMMENT='Статусы дружбы';
/*!40101 SET character_set_client = @saved_cs_client */;

--
-- Dumping data for table `friendship_statuses`
--

LOCK TABLES `friendship_statuses` WRITE;
/*!40000 ALTER TABLE `friendship_statuses` DISABLE KEYS */;
INSERT INTO `friendship_statuses` VALUES (1,'Requested','2021-03-13 16:54:11','2021-03-13 16:54:11'),(2,'Approved','2021-03-13 16:54:11','2021-03-13 16:54:11'),(3,'Declined','2021-03-13 16:54:11','2021-03-13 16:54:11');
/*!40000 ALTER TABLE `friendship_statuses` ENABLE KEYS */;
UNLOCK TABLES;

--
-- Table structure for table `gender`
--

DROP TABLE IF EXISTS `gender`;
/*!40101 SET @saved_cs_client     = @@character_set_client */;
/*!50503 SET character_set_client = utf8mb4 */;
CREATE TABLE `gender` (
  `id` int unsigned NOT NULL AUTO_INCREMENT COMMENT 'Идентификатор cтроки',
  `gender` varchar(25) DEFAULT NULL COMMENT 'Название пола',
  `gender_info` varchar(150) DEFAULT NULL COMMENT 'Информация о поле',
  `created_at` datetime DEFAULT CURRENT_TIMESTAMP COMMENT 'Время создания строки',
  `updated_at` datetime DEFAULT CURRENT_TIMESTAMP ON UPDATE CURRENT_TIMESTAMP COMMENT 'Время обновления строки',
  PRIMARY KEY (`id`)
) ENGINE=InnoDB AUTO_INCREMENT=3 DEFAULT CHARSET=utf8mb4 COLLATE=utf8mb4_0900_ai_ci COMMENT='Вариант пола';
/*!40101 SET character_set_client = @saved_cs_client */;

--
-- Dumping data for table `gender`
--

LOCK TABLES `gender` WRITE;
/*!40000 ALTER TABLE `gender` DISABLE KEYS */;
INSERT INTO `gender` VALUES (1,'M','Male','2021-03-13 14:38:49','2021-03-13 14:38:49'),(2,'F','Female','2021-03-13 14:38:49','2021-03-13 14:38:49');
/*!40000 ALTER TABLE `gender` ENABLE KEYS */;
UNLOCK TABLES;

--
-- Table structure for table `media`
--

DROP TABLE IF EXISTS `media`;
/*!40101 SET @saved_cs_client     = @@character_set_client */;
/*!50503 SET character_set_client = utf8mb4 */;
CREATE TABLE `media` (
  `id` int unsigned NOT NULL AUTO_INCREMENT COMMENT 'Идентификатор строки',
  `user_id` int unsigned NOT NULL COMMENT 'Ссылка на пользователя, который загрузил файл',
  `filename` varchar(255) CHARACTER SET utf8mb4 COLLATE utf8mb4_unicode_ci NOT NULL COMMENT 'Путь к файлу',
  `size` int NOT NULL COMMENT 'Размер файла',
  `metadata` longtext CHARACTER SET utf8mb4 COLLATE utf8mb4_bin COMMENT 'Метаданные файла',
  `media_type_id` int unsigned NOT NULL COMMENT 'Ссылка на тип контента',
  `created_at` datetime DEFAULT CURRENT_TIMESTAMP COMMENT 'Время создания строки',
  `updated_at` datetime DEFAULT CURRENT_TIMESTAMP ON UPDATE CURRENT_TIMESTAMP COMMENT 'Время обновления строки',
  PRIMARY KEY (`id`),
  CONSTRAINT `media_chk_1` CHECK (json_valid(`metadata`))
) ENGINE=InnoDB AUTO_INCREMENT=101 DEFAULT CHARSET=utf8mb4 COLLATE=utf8mb4_unicode_ci COMMENT='Медиафайлы';
/*!40101 SET character_set_client = @saved_cs_client */;

--
-- Dumping data for table `media`
--

LOCK TABLES `media` WRITE;
/*!40000 ALTER TABLE `media` DISABLE KEYS */;
INSERT INTO `media` VALUES (1,1,'quia',3094891,NULL,3,'2007-10-08 03:49:44','2021-03-13 17:27:35'),(2,2,'repudiandae',5123,NULL,2,'1975-03-03 02:57:02','1988-07-15 15:12:38'),(3,3,'aut',0,NULL,1,'2006-04-08 08:29:05','2021-03-13 17:27:35'),(4,4,'velit',240,NULL,2,'2001-11-06 21:16:58','2021-03-13 17:27:35'),(5,5,'accusantium',0,NULL,2,'1987-06-05 09:03:47','2021-03-13 17:27:35'),(6,6,'minus',924875,NULL,1,'2009-11-20 13:28:38','2021-03-13 17:27:35'),(7,7,'voluptatem',0,NULL,3,'1994-07-21 04:15:16','2021-03-13 17:27:35'),(8,8,'molestias',57446153,NULL,1,'1982-01-15 17:18:42','2021-03-13 17:27:35'),(9,9,'aliquid',97666,NULL,2,'1988-04-06 03:52:08','2021-03-13 17:27:35'),(10,10,'et',656,NULL,2,'1993-11-07 14:38:16','2021-03-13 17:27:35'),(11,11,'quo',850465,NULL,3,'2006-03-08 02:29:16','2021-03-13 17:27:35'),(12,12,'totam',43523,NULL,1,'1976-08-10 12:32:34','2021-03-13 17:27:35'),(13,13,'placeat',41443,NULL,1,'2013-08-26 17:11:31','2021-03-13 17:27:35'),(14,14,'pariatur',787275717,NULL,3,'2001-09-01 16:36:45','2021-03-13 17:27:35'),(15,15,'saepe',8,NULL,1,'2006-01-11 13:52:30','2021-03-13 17:27:35'),(16,16,'sit',21114,NULL,3,'2000-03-27 04:22:20','2021-03-13 17:27:35'),(17,17,'consequatur',7879528,NULL,1,'1970-09-19 00:06:14','2021-03-13 17:27:35'),(18,18,'est',513,NULL,2,'1991-12-08 19:57:56','2021-03-13 17:27:35'),(19,19,'ad',59,NULL,2,'1979-05-24 04:16:36','2021-03-13 17:27:35'),(20,20,'doloremque',1985,NULL,1,'1995-02-05 02:44:31','2021-03-13 17:27:35'),(21,21,'ex',563429840,NULL,3,'2000-06-05 20:51:32','2021-03-13 17:27:35'),(22,22,'repellat',7079991,NULL,3,'1989-07-16 14:38:19','2021-03-13 17:27:35'),(23,23,'dolorem',1619893,NULL,3,'2006-04-16 11:36:25','2021-03-13 17:27:35'),(24,24,'architecto',0,NULL,3,'2007-03-28 00:21:22','2021-03-13 17:27:35'),(25,25,'ut',613322,NULL,2,'1978-06-18 14:36:24','2021-03-13 17:27:35'),(26,26,'quia',30381,NULL,1,'1994-05-01 01:12:17','2021-03-13 17:27:35'),(27,27,'natus',332813061,NULL,2,'1990-09-19 07:45:37','2021-03-13 17:27:35'),(28,28,'et',4935347,NULL,3,'2012-04-13 18:16:44','2021-03-13 17:27:35'),(29,29,'nobis',947395354,NULL,3,'1985-02-06 22:33:33','2021-03-13 17:27:35'),(30,30,'minus',639267,NULL,3,'1983-08-30 09:11:01','2021-03-13 17:27:35'),(31,31,'illo',154359,NULL,3,'1984-05-09 21:19:30','2021-03-13 17:27:35'),(32,32,'distinctio',1784604,NULL,3,'1981-04-11 20:01:51','2021-03-13 17:27:35'),(33,33,'eius',417428,NULL,3,'1976-05-05 15:30:31','2021-03-13 17:27:35'),(34,34,'deleniti',181647655,NULL,1,'1989-01-26 19:31:17','2021-03-13 17:27:35'),(35,35,'ab',0,NULL,1,'2007-09-07 05:35:33','2021-03-13 17:27:35'),(36,36,'omnis',523,NULL,2,'1972-05-12 17:51:13','2021-03-13 17:27:35'),(37,37,'nostrum',66,NULL,2,'2013-01-08 05:28:40','2021-03-13 17:27:35'),(38,38,'eius',1831,NULL,1,'1980-07-04 17:17:06','2021-03-13 17:27:35'),(39,39,'modi',0,NULL,1,'2005-05-19 23:28:47','2021-03-13 17:27:35'),(40,40,'ex',4,NULL,2,'2018-03-10 21:51:25','2021-03-13 17:27:35'),(41,41,'ut',641417545,NULL,2,'1980-08-24 05:12:19','2021-03-13 17:27:35'),(42,42,'nostrum',72961,NULL,3,'1996-02-07 09:46:25','2021-03-13 17:27:35'),(43,43,'temporibus',3658,NULL,1,'1989-07-17 10:40:47','2021-03-13 17:27:35'),(44,44,'iure',458842,NULL,3,'2007-11-14 08:46:47','2021-03-13 17:27:35'),(45,45,'eveniet',0,NULL,3,'1970-12-02 20:12:47','2021-03-13 17:27:35'),(46,46,'deleniti',1,NULL,1,'1998-06-14 22:34:30','2021-03-13 17:27:35'),(47,47,'ut',85,NULL,2,'1980-04-14 06:16:17','2021-03-13 17:27:35'),(48,48,'tempore',25,NULL,1,'1979-05-05 18:28:51','2021-03-13 17:27:35'),(49,49,'dolore',530,NULL,3,'2014-09-27 05:17:07','2021-03-13 17:27:35'),(50,50,'sint',751215,NULL,1,'1978-02-01 02:45:26','2021-03-13 17:27:35'),(51,51,'nam',652782,NULL,3,'2003-04-02 03:59:44','2021-03-13 17:27:35'),(52,52,'ut',216161598,NULL,2,'2003-04-17 13:23:31','2021-03-13 17:27:35'),(53,53,'omnis',93,NULL,1,'1986-04-09 14:55:25','2021-03-13 17:27:35'),(54,54,'neque',99568,NULL,2,'1970-12-28 02:30:01','2021-03-13 17:27:35'),(55,55,'expedita',5,NULL,1,'1978-02-28 06:29:47','2021-03-13 17:27:35'),(56,56,'aliquam',50,NULL,3,'1982-12-07 07:21:22','2021-03-13 17:27:35'),(57,57,'in',87,NULL,2,'1987-12-27 05:18:58','2021-03-13 17:27:35'),(58,58,'distinctio',53152,NULL,2,'2011-05-05 09:26:57','2021-03-13 17:27:35'),(59,59,'quia',0,NULL,1,'1971-12-16 00:42:04','2021-03-13 17:27:35'),(60,60,'eius',508895,NULL,2,'1999-03-31 05:04:34','2021-03-13 17:27:35'),(61,61,'numquam',742,NULL,2,'2000-10-11 21:33:54','2021-03-13 17:27:35'),(62,62,'et',20704751,NULL,3,'1977-11-04 10:52:30','2021-03-13 17:27:35'),(63,63,'perferendis',73179,NULL,2,'1981-03-29 05:55:39','2021-03-13 17:27:35'),(64,64,'quo',156000,NULL,2,'1994-10-02 17:37:40','2021-03-13 17:27:35'),(65,65,'sunt',28089,NULL,1,'1974-05-09 15:23:13','2021-03-13 17:27:35'),(66,66,'eius',215565487,NULL,3,'1988-08-04 17:39:21','2021-03-13 17:27:35'),(67,67,'id',83146,NULL,3,'1992-09-17 14:00:40','2021-03-13 17:27:35'),(68,68,'et',4759,NULL,2,'1992-10-29 07:33:01','2021-03-13 17:27:35'),(69,69,'distinctio',88,NULL,1,'1971-07-11 13:49:03','2021-03-13 17:27:35'),(70,70,'sequi',15635,NULL,3,'2008-12-26 00:23:51','2021-03-13 17:27:35'),(71,71,'aliquid',0,NULL,1,'1979-08-26 16:32:20','2021-03-13 17:27:35'),(72,72,'commodi',80,NULL,3,'2008-06-30 14:33:05','2021-03-13 17:27:35'),(73,73,'repellat',7782636,NULL,3,'2003-11-28 23:08:53','2021-03-13 17:27:35'),(74,74,'eos',3,NULL,2,'2020-01-23 09:02:43','2021-03-13 17:27:35'),(75,75,'dolores',87379,NULL,2,'1998-08-11 12:15:06','2021-03-13 17:27:35'),(76,76,'minima',785464676,NULL,2,'2010-09-15 20:51:43','2021-03-13 17:27:35'),(77,77,'quis',41164,NULL,3,'2011-04-23 03:28:34','2021-03-13 17:27:35'),(78,78,'omnis',0,NULL,2,'1995-11-06 04:08:55','2021-03-13 17:27:35'),(79,79,'esse',6629982,NULL,2,'1998-06-30 05:42:07','2021-03-13 17:27:35'),(80,80,'ipsum',20,NULL,3,'2010-05-19 04:56:25','2021-03-13 17:27:35'),(81,81,'excepturi',0,NULL,1,'1992-06-09 02:10:53','2021-03-13 17:27:35'),(82,82,'quia',3884,NULL,3,'1988-11-17 01:25:43','2021-03-13 17:27:35'),(83,83,'voluptas',9,NULL,1,'2004-03-28 00:44:52','2021-03-13 17:27:35'),(84,84,'explicabo',2394,NULL,1,'1981-08-01 23:44:55','2021-03-13 17:27:35'),(85,85,'et',678,NULL,1,'1990-04-11 16:00:58','2021-03-13 17:27:35'),(86,86,'modi',12,NULL,1,'1997-03-03 07:25:10','2021-03-13 17:27:35'),(87,87,'aut',0,NULL,1,'1975-08-06 13:11:21','2021-03-13 17:27:35'),(88,88,'explicabo',235158,NULL,3,'1989-02-17 09:08:13','2021-03-13 17:27:35'),(89,89,'a',838662888,NULL,3,'1972-07-17 10:41:02','2021-03-13 17:27:35'),(90,90,'modi',26507744,NULL,2,'1999-01-04 08:49:26','2021-03-13 17:27:35'),(91,91,'vel',1305445,NULL,1,'2011-04-21 07:00:39','2021-03-13 17:27:35'),(92,92,'voluptatem',0,NULL,1,'2016-11-04 00:00:43','2021-03-13 17:27:35'),(93,93,'autem',25111,NULL,3,'1991-03-01 17:31:48','2021-03-13 17:27:35'),(94,94,'dolores',3323740,NULL,2,'1978-10-02 19:12:02','2021-03-13 17:27:35'),(95,95,'omnis',97,NULL,3,'1991-11-19 14:06:31','2021-03-13 17:27:35'),(96,96,'error',9,NULL,3,'1989-08-01 16:06:41','2021-03-13 17:27:35'),(97,97,'adipisci',7786,NULL,3,'2008-04-30 15:54:39','2021-03-13 17:27:35'),(98,98,'laborum',619,NULL,2,'1993-03-31 15:59:48','2021-03-13 17:27:35'),(99,99,'dolor',84428218,NULL,1,'2000-11-28 15:02:36','2021-03-13 17:27:35'),(100,100,'earum',98044145,NULL,3,'1997-10-27 15:00:51','2021-03-13 17:27:35');
/*!40000 ALTER TABLE `media` ENABLE KEYS */;
UNLOCK TABLES;

--
-- Table structure for table `media_types`
--

DROP TABLE IF EXISTS `media_types`;
/*!40101 SET @saved_cs_client     = @@character_set_client */;
/*!50503 SET character_set_client = utf8mb4 */;
CREATE TABLE `media_types` (
  `id` int unsigned NOT NULL AUTO_INCREMENT COMMENT 'Идентификатор строки',
  `name` varchar(255) CHARACTER SET utf8mb4 COLLATE utf8mb4_unicode_ci NOT NULL COMMENT 'Название типа',
  `created_at` datetime DEFAULT CURRENT_TIMESTAMP COMMENT 'Время создания строки',
  `updated_at` datetime DEFAULT CURRENT_TIMESTAMP ON UPDATE CURRENT_TIMESTAMP COMMENT 'Время обновления строки',
  PRIMARY KEY (`id`),
  UNIQUE KEY `name` (`name`)
) ENGINE=InnoDB AUTO_INCREMENT=4 DEFAULT CHARSET=utf8mb4 COLLATE=utf8mb4_unicode_ci COMMENT='Типы медиафайлов';
/*!40101 SET character_set_client = @saved_cs_client */;

--
-- Dumping data for table `media_types`
--

LOCK TABLES `media_types` WRITE;
/*!40000 ALTER TABLE `media_types` DISABLE KEYS */;
INSERT INTO `media_types` VALUES (1,'Image','2021-03-13 16:55:32','2021-03-13 16:55:32'),(2,'Video','2021-03-13 16:55:32','2021-03-13 16:55:32'),(3,'Audio','2021-03-13 16:55:32','2021-03-13 16:55:32');
/*!40000 ALTER TABLE `media_types` ENABLE KEYS */;
UNLOCK TABLES;

--
-- Table structure for table `messages`
--

DROP TABLE IF EXISTS `messages`;
/*!40101 SET @saved_cs_client     = @@character_set_client */;
/*!50503 SET character_set_client = utf8mb4 */;
CREATE TABLE `messages` (
  `id` int unsigned NOT NULL AUTO_INCREMENT COMMENT 'Идентификатор строки',
  `from_user_id` int unsigned NOT NULL COMMENT 'Ссылка на отправителя сообщения',
  `to_user_id` int unsigned NOT NULL COMMENT 'Ссылка на получателя сообщения',
  `body` text CHARACTER SET utf8mb4 COLLATE utf8mb4_unicode_ci NOT NULL COMMENT 'Текст сообщения',
  `is_important` tinyint(1) DEFAULT NULL COMMENT 'Признак важности',
  `is_delivered` tinyint(1) DEFAULT NULL COMMENT 'Признак доставки',
  `is_read` tinyint(1) DEFAULT NULL COMMENT 'Признак прочтения',
  `created_at` datetime DEFAULT CURRENT_TIMESTAMP COMMENT 'Время создания строки',
  `updated_at` datetime DEFAULT CURRENT_TIMESTAMP ON UPDATE CURRENT_TIMESTAMP COMMENT 'Время обновления строки',
  PRIMARY KEY (`id`)
) ENGINE=InnoDB AUTO_INCREMENT=101 DEFAULT CHARSET=utf8mb4 COLLATE=utf8mb4_unicode_ci COMMENT='Сообщения';
/*!40101 SET character_set_client = @saved_cs_client */;

--
-- Dumping data for table `messages`
--

LOCK TABLES `messages` WRITE;
/*!40000 ALTER TABLE `messages` DISABLE KEYS */;
INSERT INTO `messages` VALUES (1,6,80,'Modi et quia quaerat vero corporis. Cum aliquam est quibusdam quia quis. Error sapiente quia incidunt harum fuga maiores. Dolore autem aut eveniet.',0,0,NULL,'1978-03-12 09:51:51','2021-03-13 18:16:13'),(2,87,61,'Quo molestiae ad aut explicabo ut. Quibusdam architecto ipsum amet voluptatem necessitatibus veniam. Consequatur hic dignissimos est provident aut.',0,1,1,'2010-04-30 08:15:07','2021-03-13 18:16:13'),(3,15,83,'Non quo officiis ea ut omnis animi. Cupiditate error totam a placeat est. Fugiat temporibus quia laborum labore vero perferendis dolorem et. Commodi esse excepturi quae repellendus corrupti.',1,0,NULL,'1993-12-25 05:07:02','2021-03-13 18:16:13'),(4,54,73,'Voluptatem voluptatibus perspiciatis aut et harum laudantium. Perspiciatis totam doloribus aut hic. Incidunt qui laudantium blanditiis porro qui fuga pariatur.',0,0,NULL,'2012-09-14 18:26:23','2021-03-13 18:16:13'),(5,46,42,'Dolores repudiandae consequatur et. Culpa excepturi aut nostrum et rerum saepe voluptatum. Vitae quis molestias harum dolore. Dolor ut et fuga ut.',1,1,0,'2019-07-08 19:17:28','2021-03-13 18:16:13'),(6,71,17,'Quam voluptatem ratione aliquam aspernatur accusamus. Omnis et necessitatibus rem beatae recusandae nesciunt quia. Voluptatibus architecto minima rerum ut.',0,1,0,'1977-06-01 06:12:06','2021-03-13 18:16:13'),(7,20,67,'Quisquam consequatur et dicta eum officia esse rerum. Ut qui nesciunt earum inventore. Sit et repudiandae quia voluptatem assumenda dolorem in. Minima reprehenderit distinctio et veniam.',1,1,1,'1979-07-12 20:32:50','2021-03-13 18:16:13'),(8,86,96,'Repudiandae sed et qui nihil incidunt. Sit voluptatem totam maxime est quia minima neque. Voluptatem quae aut quas dolorem accusantium illum quia.',0,1,1,'1971-07-21 03:20:18','2021-03-13 18:16:13'),(9,11,66,'Sint iusto quia mollitia et architecto nemo. Voluptas nisi quaerat id rem omnis. Impedit autem exercitationem architecto aut voluptatem voluptatibus. Quisquam consequatur quisquam blanditiis.',1,1,1,'1994-06-07 23:04:46','2021-03-13 18:16:13'),(10,94,75,'Distinctio facere minima esse labore illum iusto veniam. Quidem ducimus fugiat odio beatae. Et error id eos earum ut itaque.',1,0,NULL,'1996-05-23 00:07:19','2021-03-13 18:16:13'),(11,47,46,'Delectus sit officia quae. Id maiores ipsum ipsa cupiditate. Eveniet quia animi ad asperiores fugiat dolor.',0,1,1,'1988-08-15 15:22:56','2021-03-13 18:16:13'),(12,32,10,'Perspiciatis facilis et similique fuga rerum distinctio. Vel omnis modi ut ipsum. Sequi nemo qui minus incidunt. Quas id veniam voluptas ea.',0,0,NULL,'2013-09-25 02:30:55','2021-03-13 18:16:13'),(13,99,20,'Aut cumque ea sequi ut quo. Tenetur explicabo voluptas dicta nihil temporibus quis. Nulla modi reprehenderit est sunt vitae rerum voluptatem. Id officia distinctio aut vero provident distinctio rerum.',1,1,1,'1983-07-19 11:50:09','2021-03-13 18:16:13'),(14,27,57,'Aliquam quos veniam sed provident ab repellat. Non sed unde quis laboriosam sed maxime dolores. Dolor necessitatibus quos exercitationem enim.',1,0,NULL,'2000-01-22 19:49:47','2021-03-13 18:16:13'),(15,69,81,'Eius nihil saepe corporis ratione deserunt ab nam. Velit non consectetur ipsum consequatur est temporibus voluptatem. Repellendus enim illum eius assumenda assumenda velit laboriosam recusandae. Facere dignissimos in unde architecto.',0,0,NULL,'2012-08-16 06:57:39','2021-03-13 18:16:13'),(16,45,39,'Tempore libero accusamus animi perferendis itaque quaerat. Mollitia tempora tenetur impedit. Alias id sunt neque ex. Recusandae eum minima nostrum nobis quas. Assumenda eius porro rerum neque.',0,0,NULL,'1981-05-02 18:51:42','2021-03-13 18:16:13'),(17,32,3,'Ducimus est praesentium molestias aspernatur expedita totam ut. Ullam est recusandae ut. Velit quis optio facilis quas tempora. Eveniet iste dolores qui sed.',1,0,NULL,'2009-07-07 14:08:17','2021-03-13 18:16:13'),(18,74,38,'Doloremque iusto assumenda quod et iure vitae veritatis ullam. Cumque deleniti aperiam accusantium. Sed magni libero ut et dolorum ea. Quia aliquid distinctio quod sed.',1,0,NULL,'2014-10-16 17:22:27','2021-03-13 18:16:13'),(19,52,54,'Qui itaque totam assumenda ea quibusdam inventore. Aut corporis non aut dolor iusto doloribus. Officiis consequatur perferendis est dignissimos ut voluptas quia.',0,0,NULL,'2020-02-12 12:31:34','2021-03-13 18:16:13'),(20,55,56,'Sit rerum earum voluptas officia velit perferendis ut. Debitis voluptatem aliquid assumenda animi. Quod hic minus ratione tempora et est.',0,1,1,'1994-10-15 23:54:37','2021-03-13 18:16:13'),(21,69,94,'Fugiat quis eius quisquam provident. Doloribus vero possimus quis reiciendis corporis hic aut harum. Laboriosam sit alias ea facere quidem.',0,1,0,'1995-09-17 05:35:42','2021-03-13 18:16:13'),(22,23,41,'Quos dolor aliquam perferendis consequatur. Qui numquam facilis iure omnis. Sed qui non sed blanditiis voluptatem optio non.',1,1,0,'2011-12-25 02:55:07','2021-03-13 18:16:13'),(23,90,22,'Consequatur nihil aliquid sequi iusto dolor nisi repellendus. Est dolorem ut vel voluptate repudiandae. Dolores officiis expedita ipsa illum officiis aut aliquam ipsum.',0,1,1,'2020-11-13 18:14:01','2021-03-13 18:16:13'),(24,40,67,'Voluptas deleniti qui in nulla incidunt at temporibus. Dignissimos non placeat voluptatem autem culpa placeat saepe. Deleniti animi atque hic consequatur illo.',1,1,1,'1983-01-07 01:28:49','2021-03-13 18:16:13'),(25,23,94,'Placeat et voluptatem eveniet beatae distinctio. Consectetur dolorem modi veritatis cum. Blanditiis sint eos molestiae soluta.',1,0,NULL,'1998-03-15 21:14:47','2021-03-13 18:16:13'),(26,37,82,'Velit et autem nihil qui unde. Voluptatibus quibusdam quod exercitationem pariatur quo atque consequatur. A facere ex voluptas.',0,1,0,'1972-10-12 23:04:45','2021-03-13 18:16:13'),(27,87,91,'Velit non voluptatum hic et voluptas nam. Voluptatem architecto laboriosam est nisi. Sit ex dolorem officiis aut quos maxime maxime quia. Voluptatibus vel rerum quis ut cupiditate sed.',0,0,NULL,'1998-12-21 15:45:37','2021-03-13 18:16:13'),(28,33,32,'Veniam quam dignissimos culpa praesentium praesentium aut possimus. Rerum quia eveniet quae molestiae. Velit non dolores odio nisi distinctio qui culpa.',0,1,1,'2006-02-05 05:30:38','2021-03-13 18:16:13'),(29,4,5,'Molestias eos rerum reiciendis laudantium nemo numquam est. Quo cum eius ducimus ut. Nihil est ex voluptatem ab est dicta saepe. Ratione eum ratione aut repudiandae quibusdam.',1,1,0,'1988-01-27 07:00:17','2021-03-13 18:16:13'),(30,19,25,'In incidunt earum animi eos. Aut aut quis ut debitis distinctio. Nihil explicabo totam in asperiores et.',1,1,1,'1998-07-24 14:09:10','2021-03-13 18:16:13'),(31,57,93,'Et iste corrupti atque commodi numquam optio molestiae delectus. Laboriosam quia ut est quia qui. Inventore ut ea pariatur aperiam. Dolor labore libero numquam ex ut.',0,0,NULL,'2009-10-21 00:23:06','2021-03-13 18:16:13'),(32,50,2,'Repudiandae eius sed dolores voluptas impedit sequi perspiciatis. Commodi ut amet sed quibusdam. Voluptatibus odit sed similique natus labore. Quia eius tempora nesciunt velit minima aut enim. Iusto ipsum itaque accusamus officia repellendus ut.',0,0,NULL,'2018-05-19 18:05:51','2021-03-13 18:16:13'),(33,95,1,'Explicabo minima placeat sunt nostrum asperiores. Voluptas veniam omnis mollitia libero aut. Atque nobis iusto id quia nihil voluptas nesciunt. Ducimus quo enim voluptatibus veritatis alias magnam.',0,0,NULL,'1986-08-05 10:29:23','2021-03-13 18:16:13'),(34,94,92,'Ut delectus qui quia odio harum. Ut et in esse. Laboriosam eveniet explicabo itaque velit autem nam et. Quaerat distinctio alias nihil odit numquam numquam quia est. Totam consequatur necessitatibus ut alias qui non nesciunt blanditiis.',0,1,1,'1980-11-30 19:57:04','2021-03-13 18:16:13'),(35,33,48,'Ea culpa unde cupiditate dolores magnam minus fugiat. Vitae officiis odit ex sit. Ipsam voluptatem tempora reiciendis quaerat est quod fugit tempora. Cumque repellendus numquam iste in beatae voluptas.',1,0,NULL,'1991-09-01 22:34:11','2021-03-13 18:16:13'),(36,7,52,'Eligendi fugiat qui quis est. Recusandae tempora nisi cumque molestiae.',1,0,NULL,'2010-06-16 12:18:33','2021-03-13 18:16:13'),(37,96,42,'Illum recusandae est voluptas facilis quis ab ea. Molestias laboriosam culpa aut doloremque dignissimos. Fuga beatae error quo provident id.',1,1,1,'2011-05-19 18:38:41','2021-03-13 18:16:13'),(38,46,45,'Quia vitae distinctio quia dolor eveniet labore ea. Earum eveniet provident velit esse distinctio. Quo repudiandae delectus repellendus aut repudiandae laudantium. Odio dolorum occaecati et harum quidem ea.',0,1,1,'2004-07-13 17:30:17','2021-03-13 18:15:53'),(39,61,93,'Tempora quasi voluptates voluptatem et. Ex nemo in est dolorum doloremque impedit dicta. Ipsam error culpa asperiores quia sed placeat. Quisquam voluptatibus laborum nesciunt nesciunt consectetur incidunt ex.',1,0,NULL,'1985-10-26 15:51:56','2021-03-13 18:16:13'),(40,81,60,'Velit rem voluptatem quod sed pariatur rerum. Magni et asperiores consequatur.',1,0,NULL,'1981-02-09 14:02:59','2021-03-13 18:16:13'),(41,66,100,'Fugiat animi molestiae harum ea. Facere fuga est aut molestias. Eum enim optio autem eum corporis veniam quia.',0,0,NULL,'1978-01-08 18:16:15','2021-03-13 18:16:13'),(42,20,26,'Consequatur earum iure voluptatem ex quidem repellendus iste. Necessitatibus est corporis consequuntur facere et. Consequuntur totam excepturi deleniti molestiae. Illo provident quia porro.',1,0,NULL,'1999-09-07 07:34:56','2021-03-13 18:16:13'),(43,65,46,'Alias labore qui voluptate tempore aperiam fuga vitae. Dolor non in omnis doloremque.',1,1,1,'2018-09-26 08:58:29','2021-03-13 18:16:13'),(44,72,32,'Ratione quia ut eius aut. Aut pariatur nam sit. Sed eos quibusdam esse velit.',0,1,0,'2008-09-18 00:08:29','2021-03-13 18:16:13'),(45,31,15,'Qui reprehenderit dicta voluptas quis perferendis voluptas. Sint maxime est fugiat minima. Illo dignissimos reiciendis dicta ducimus qui id facere.',1,0,NULL,'1997-07-06 11:53:12','2021-03-13 18:16:13'),(46,8,77,'Aliquam recusandae esse est quam minima voluptatem. Non ullam nihil iste id exercitationem est ea. Ut modi labore dolorem consectetur similique eum. Voluptatem adipisci ut et ut.',1,0,NULL,'2014-10-25 21:24:39','2021-03-13 18:16:13'),(47,30,32,'Laudantium quia modi minus sint suscipit. Velit magnam velit harum aliquid sed alias beatae. Autem dolorum vel rem. Omnis veritatis qui ut qui deleniti perferendis voluptatem veniam.',0,1,0,'1971-11-26 10:08:25','2021-03-13 18:16:13'),(48,62,27,'Quidem consequuntur assumenda aut animi harum ullam aut facere. Autem qui eum nihil qui dicta minima. Est ipsa libero ipsam ipsum.',0,1,0,'1972-11-13 15:24:33','2021-03-13 18:16:13'),(49,55,23,'Natus enim et quis debitis quaerat nihil est. Velit odio dolorem laborum velit laboriosam. Qui consequatur inventore dolorem maiores sint et.',0,0,NULL,'2009-08-03 21:10:35','2021-03-13 18:16:13'),(50,85,17,'Excepturi sed quos optio sit soluta. Ratione ipsa impedit dolores quis consequatur laboriosam. Animi et dolor amet explicabo animi sint.',1,1,1,'2018-12-21 01:25:39','2021-03-13 18:16:13'),(51,92,74,'Voluptatem illo architecto fugiat harum. Voluptatem magnam voluptatibus dolore cum eum.',1,1,0,'1971-10-22 15:18:44','2021-03-13 18:16:13'),(52,72,85,'Labore maxime vel officia et libero nihil. Laudantium placeat hic repudiandae fugit. Sapiente et nesciunt aliquid.',1,1,1,'1996-06-28 16:21:42','2021-03-13 18:16:13'),(53,54,91,'Ad facere non voluptas nemo earum eligendi minus sit. Maiores fugiat voluptatem est alias magnam quasi doloribus eos. Vel aliquam reprehenderit quaerat eius architecto qui eos quaerat.',1,0,NULL,'1997-08-20 14:28:46','2021-03-13 18:16:13'),(54,3,66,'Molestias qui quam quis. Fugiat sit quo explicabo enim. Velit quia incidunt expedita dolor dolor. Est ut quibusdam voluptatem et omnis.',0,0,NULL,'2002-10-25 12:29:14','2021-03-13 18:16:13'),(55,48,73,'Non in quas illum totam iste. Eius consequuntur qui eos magnam. Odio optio consequatur rem veniam assumenda culpa. Debitis odio vel blanditiis vel repudiandae aut incidunt neque.',0,1,1,'1972-02-10 11:14:39','2021-03-13 18:16:13'),(56,7,38,'Modi corporis dolor id architecto quasi enim sequi. In delectus quo magni officiis debitis delectus beatae eius. Mollitia temporibus laudantium dolorum magnam autem.',0,0,NULL,'1993-05-05 06:18:12','2021-03-13 18:16:13'),(57,36,83,'Non ea dolor dolorem eveniet. Voluptatem voluptate non aut tenetur exercitationem. Soluta autem voluptas facere qui accusamus quasi perferendis. Perspiciatis dolores sint id saepe vel amet delectus.',1,0,NULL,'1972-08-04 00:39:53','2021-03-13 18:16:13'),(58,40,76,'Dicta quia blanditiis et delectus et. Sit consequatur rem consequatur nam. Voluptatem reprehenderit ut itaque culpa soluta.',0,0,NULL,'1980-01-18 12:31:03','2021-03-13 18:16:13'),(59,73,68,'Et animi quidem aut aut. Rerum quaerat suscipit fugit quibusdam vitae. Consequatur distinctio laudantium id similique.',1,1,0,'2000-12-01 17:41:51','2021-03-13 18:16:13'),(60,59,96,'Nihil ea placeat dolorum qui tempora. Alias accusamus vitae veritatis dolorum eligendi. Sed qui consequatur voluptas voluptas consequuntur esse atque.',1,0,NULL,'2004-06-19 14:30:02','2021-03-13 18:16:13'),(61,93,97,'Saepe voluptate sit illo voluptas. Quam exercitationem provident officia accusantium qui sit non. Natus rem officiis quam quisquam sit. Quas neque id odit est iusto.',0,1,0,'2010-06-09 22:58:21','2021-03-13 18:16:13'),(62,49,4,'Illum qui sint fugit ut qui modi molestiae. Culpa corrupti quia excepturi nobis. A quis qui non autem repellat perferendis non.',0,1,1,'2007-12-15 14:19:25','2021-03-13 18:16:13'),(63,96,52,'Dolor sunt facere qui qui rerum minima repellendus aut. Accusamus assumenda voluptas beatae quos. Modi ut qui voluptas possimus corporis perferendis ex.',1,1,1,'1972-06-08 03:13:13','2021-03-13 18:16:13'),(64,17,62,'Officiis commodi ea maxime et et. Consequatur delectus aut ullam corrupti. Beatae laudantium tenetur voluptas recusandae necessitatibus eum explicabo.',1,0,NULL,'2020-01-14 09:00:13','2021-03-13 18:16:13'),(65,96,62,'Dolor ipsum nulla eum. Vitae aut sed mollitia culpa similique eveniet odio laudantium. Et maiores qui ab officia.',0,1,0,'1987-04-28 04:39:56','2021-03-13 18:16:13'),(66,43,19,'Quaerat sed nesciunt eveniet fugiat. Corrupti in est rerum quam sed voluptate est. Quam aliquid nulla quidem deserunt est.',0,1,0,'1985-05-27 13:17:51','2021-03-13 18:16:13'),(67,30,86,'Quibusdam voluptas voluptas esse id quia. Praesentium non fuga consequatur voluptatem inventore repudiandae. Et sapiente in tempora voluptates ex sequi.',0,1,0,'2011-09-20 14:09:20','2021-03-13 18:16:13'),(68,85,52,'Ullam labore et nobis et dolorem deleniti. Repellendus et maxime saepe autem. Reiciendis corporis eos voluptatum qui quisquam sapiente voluptatem. Voluptatibus dolor id id fuga dolorem.',0,0,NULL,'1970-10-30 13:38:53','2021-03-13 18:16:13'),(69,69,40,'Nostrum consequuntur voluptas quo placeat rem. Repudiandae temporibus et et ratione in. Non impedit nostrum dolorum ut. Consequuntur eaque a eum esse. Vitae a earum enim totam odit facilis voluptatum.',1,1,1,'1992-04-05 14:59:56','2021-03-13 18:16:13'),(70,32,2,'Numquam dolore et et accusamus. Consequatur commodi eveniet modi repellendus totam saepe. Excepturi magnam molestiae veritatis pariatur molestias quia. Assumenda sunt aut voluptatem.',0,0,NULL,'1979-02-23 06:08:40','2021-03-13 18:16:13'),(71,96,100,'Autem neque ducimus dolorem. Excepturi voluptas sapiente vel vel nemo non porro.',0,0,NULL,'2017-02-06 11:43:28','2021-03-13 18:16:13'),(72,77,23,'Et esse tempore vitae autem sequi ut facere. Tenetur non at vitae et consectetur deleniti quis.',1,1,1,'2004-07-28 09:54:54','2021-03-13 18:15:53'),(73,48,31,'Fugit ab ut repellat nisi sit odit eos. Tenetur illum alias at cumque voluptatibus laudantium.',1,1,1,'2008-02-17 10:28:24','2021-03-13 18:16:13'),(74,61,75,'Omnis doloremque excepturi magni odit mollitia. Eos aliquid quibusdam consequatur deserunt ut est aut. Modi et fugiat et. Necessitatibus eos commodi reprehenderit et.',1,0,NULL,'2009-11-30 19:02:14','2021-03-13 18:16:13'),(75,68,76,'Repudiandae eos similique explicabo culpa. Totam rerum vel omnis. Nobis enim omnis autem molestias et animi ut.',1,0,NULL,'2019-12-27 09:23:55','2021-03-13 18:16:13'),(76,82,51,'Adipisci est est quo sint adipisci velit ut. Atque dolorem atque id officia est. Dolor et voluptas et labore esse.',0,0,NULL,'1980-01-15 12:34:45','2021-03-13 18:16:13'),(77,73,58,'Porro quia voluptatibus qui id est alias. Expedita quo neque illo dignissimos tempore iusto consequuntur. Rem minima tenetur neque ipsam. Ut quia et recusandae similique.',1,1,1,'1999-08-17 01:46:42','2021-03-13 18:16:13'),(78,78,58,'Est est atque distinctio est dolorem eum. Alias sed eligendi maiores. Voluptas repellat laudantium velit est. Deleniti fugiat sed aperiam debitis.',1,1,0,'1972-05-25 06:38:21','2021-03-13 18:16:13'),(79,47,49,'Laboriosam quia et mollitia praesentium tempora necessitatibus. At non rerum odit ut. Aspernatur dolores et ipsum sed.',1,1,1,'2008-07-24 04:13:34','2021-03-13 18:16:13'),(80,44,10,'Eius perferendis dolorem dolores qui in facere suscipit. Et laudantium velit et enim voluptatem. Eveniet est ipsam sunt itaque excepturi voluptatem cum.',1,0,NULL,'2020-07-04 19:56:16','2021-03-13 18:16:13'),(81,27,55,'Est ut eum voluptates natus. Quibusdam eius suscipit sed provident quis magnam sunt. Id ratione illo fuga molestiae a sed. Qui illum at accusamus dolorem nulla.',0,0,NULL,'1975-08-02 03:45:59','2021-03-13 18:16:13'),(82,67,22,'Et ea consequatur ducimus hic. Ratione cum dolorem quia sed corrupti. Ut ut delectus ducimus ratione neque quaerat alias. Id exercitationem unde est eius velit debitis.',0,1,1,'1972-06-07 06:42:27','2021-03-13 18:16:13'),(83,37,47,'Et voluptate laudantium tempore assumenda. Architecto mollitia deleniti vero. Perspiciatis in qui quam et sed veritatis numquam.',0,0,NULL,'1998-04-18 10:51:19','2021-03-13 18:16:13'),(84,37,76,'Saepe id dolorum quo nihil. Repellendus modi eligendi minus eum. Ipsum est aut dolores provident sit.',1,1,0,'1979-08-23 05:51:43','2021-03-13 18:16:13'),(85,30,39,'Dolores incidunt sed veritatis quis culpa animi laborum. Soluta provident perferendis sed quia aliquam voluptas libero. Praesentium eius eos a libero minima harum itaque.',1,0,NULL,'2013-07-17 16:46:28','2021-03-13 18:16:13'),(86,36,34,'Ut magnam commodi necessitatibus doloribus sed dolor. Qui fugiat quia sed. Dignissimos ullam quo quo. Reprehenderit eligendi ut sit voluptatem nihil et iusto facilis.',1,1,0,'2003-10-13 01:11:46','2021-03-13 18:16:13'),(87,30,32,'Ut rerum doloremque quisquam accusantium ab et harum. Qui consequatur pariatur nisi fuga laudantium. At consequatur pariatur magni delectus dolor praesentium pariatur.',1,1,0,'1972-01-28 05:03:25','2021-03-13 18:16:13'),(88,36,59,'Voluptatum quae non placeat repudiandae voluptatem perferendis. Autem et vel fuga aut. Voluptas architecto sed commodi odit qui explicabo.',0,1,0,'2002-04-07 21:01:59','2021-03-13 18:16:13'),(89,11,5,'Necessitatibus dignissimos voluptatem aliquam sed porro dolores. Et sit odio debitis aliquid dolorem ut. Quos accusantium qui ducimus cum id.',1,1,0,'1991-11-29 06:52:00','2021-03-13 18:16:13'),(90,70,73,'Cum sunt et dolores explicabo iure quas corporis. Qui similique eum in molestiae perferendis autem dolores. Magni nisi modi ullam.',1,0,NULL,'1986-12-18 05:21:32','2021-03-13 18:16:13'),(91,24,65,'Dolor voluptate omnis distinctio voluptatem omnis tempore voluptate. Sed explicabo consequatur aliquid. Qui labore qui ullam quibusdam perferendis modi et.',0,1,1,'1978-09-15 10:47:18','2021-03-13 18:16:13'),(92,26,57,'Temporibus quibusdam itaque consequatur enim ut. Dicta minima eius eos autem blanditiis. Est assumenda quaerat ut vitae in. Cumque rerum exercitationem velit ipsa.',0,0,NULL,'2014-10-18 08:33:00','2021-03-13 18:16:13'),(93,41,79,'Et et voluptates ut doloribus veritatis. Quo consequatur iste officiis. Facere earum amet hic natus itaque ut adipisci. Est nesciunt iusto quisquam delectus culpa facilis repudiandae.',0,0,NULL,'1998-01-02 17:04:05','2021-03-13 18:16:13'),(94,93,64,'Corrupti eos corporis fugiat consequatur molestias voluptatem. Omnis consequatur repellendus dignissimos exercitationem. Vel et sed possimus consequatur soluta.',0,0,NULL,'2004-11-24 07:08:40','2021-03-13 18:16:13'),(95,29,81,'Corporis qui accusamus accusantium saepe ullam et dolores. Possimus beatae dicta recusandae. Temporibus animi rerum reiciendis quae et. Asperiores sit labore consequatur omnis placeat commodi.',1,0,NULL,'2008-09-21 11:27:02','2021-03-13 18:16:13'),(96,99,50,'Ea amet inventore consequuntur quis. Velit perspiciatis corporis repellendus sapiente repudiandae molestias dolores. Fugiat hic quasi alias itaque nemo sit perferendis.',0,0,NULL,'1993-08-26 20:44:04','2021-03-13 18:16:13'),(97,16,80,'Totam dolore laboriosam ullam incidunt. Omnis provident autem nihil veniam doloremque maxime.',0,1,0,'1990-07-29 11:57:58','2021-03-13 18:16:13'),(98,32,70,'Alias quae perspiciatis dolorum sapiente fuga inventore laborum. Cumque nisi consequuntur soluta ipsam minima. Et temporibus excepturi aut qui sed non eaque.',1,1,0,'1983-03-16 13:18:20','2021-03-13 18:16:13'),(99,68,32,'Fugiat reiciendis quod inventore dolore autem. Sed voluptatem non tempora fugit. Quibusdam et nam voluptas odit quo voluptas.',0,1,1,'1977-04-11 06:25:34','2021-03-13 18:16:13'),(100,90,46,'Amet magnam id quibusdam doloribus blanditiis officia. Doloribus suscipit esse quia dolore quia. Amet sit quis consequatur neque. Omnis et aut magnam est quis sapiente et.',1,0,NULL,'2008-08-04 04:31:52','2021-03-13 18:16:13');
/*!40000 ALTER TABLE `messages` ENABLE KEYS */;
UNLOCK TABLES;

--
-- Table structure for table `profiles`
--

DROP TABLE IF EXISTS `profiles`;
/*!40101 SET @saved_cs_client     = @@character_set_client */;
/*!50503 SET character_set_client = utf8mb4 */;
CREATE TABLE `profiles` (
  `user_id` int unsigned NOT NULL COMMENT 'Ссылка на пользователя',
  `first_name` varchar(100) COLLATE utf8mb4_unicode_ci NOT NULL COMMENT 'Имя пользователя',
  `last_name` varchar(100) COLLATE utf8mb4_unicode_ci NOT NULL COMMENT 'Фамилия пользователя',
  `patronymic_name` varchar(100) COLLATE utf8mb4_unicode_ci DEFAULT NULL COMMENT 'Отчество пользователя',
  `gender_id` int unsigned DEFAULT NULL,
  `birthday` date DEFAULT NULL COMMENT 'Дата рождения',
  `photo_id` int unsigned DEFAULT NULL COMMENT 'Ссылка на основную фотографию пользователя',
  `user_status_id` int unsigned DEFAULT NULL,
  `city` varchar(130) CHARACTER SET utf8mb4 COLLATE utf8mb4_unicode_ci DEFAULT NULL COMMENT 'Город проживания',
  `country` varchar(130) CHARACTER SET utf8mb4 COLLATE utf8mb4_unicode_ci DEFAULT NULL COMMENT 'Страна проживания',
  `created_at` datetime DEFAULT CURRENT_TIMESTAMP COMMENT 'Время создания строки',
  `updated_at` datetime DEFAULT CURRENT_TIMESTAMP ON UPDATE CURRENT_TIMESTAMP COMMENT 'Время обновления строки',
  PRIMARY KEY (`user_id`)
) ENGINE=InnoDB DEFAULT CHARSET=utf8mb4 COLLATE=utf8mb4_unicode_ci COMMENT='Профили';
/*!40101 SET character_set_client = @saved_cs_client */;

--
-- Dumping data for table `profiles`
--

LOCK TABLES `profiles` WRITE;
/*!40000 ALTER TABLE `profiles` DISABLE KEYS */;
INSERT INTO `profiles` VALUES (1,'Kennedy','Kerluke','Kennedy',1,'2003-10-02',NULL,5,'Purdyton','Latvia','1992-01-31 14:32:07','2021-03-13 18:22:45'),(2,'Payton','Kohler','Payton',2,'2010-11-05',NULL,3,'Williamsonside','Kazakhstan','1997-02-11 11:20:30','2021-03-13 18:22:45'),(3,'Beryl','Price','Beryl',1,'1997-07-18',3,7,'Port Marcellaton','Saint Barthelemy','1975-08-17 21:35:00','2021-03-13 18:22:45'),(4,'Ardella','Harber','Ardella',2,'2001-10-21',NULL,2,'Pollichmouth','Cocos (Keeling) Islands','1973-10-07 14:12:16','2021-03-13 18:22:45'),(5,'Kolby','Mitchell','Kolby',2,'2005-04-07',NULL,5,'Luzside','Aruba','1979-10-07 07:34:22','2021-03-13 18:22:45'),(6,'Payton','Berge','Payton',1,'1990-10-18',6,1,'New Destinibury','Colombia','2002-12-24 13:38:10','2021-03-13 18:22:45'),(7,'Santiago','Donnelly','Santiago',2,'2002-05-18',NULL,1,'North Dorabury','Albania','1973-01-08 01:00:00','2021-03-13 18:22:45'),(8,'Emil','Sipes','Emil',2,'2014-09-28',8,7,'Waelchistad','Luxembourg','2002-06-16 06:37:56','2021-03-13 18:22:45'),(9,'Cecil','Sawayn','Cecil',2,'2008-11-11',NULL,2,'Vonstad','Sudan','1999-01-09 13:01:19','2021-03-13 18:22:45'),(10,'Aidan','Mayer','Aidan',2,'2015-04-04',NULL,6,'New Lea','Niue','1994-06-16 21:01:15','2021-03-13 18:22:45'),(11,'Bud','Goyette','Bud',2,'2015-05-03',NULL,5,'Lake Barbara','Thailand','1971-08-05 12:58:50','2021-03-13 18:22:45'),(12,'Juliana','Koch','Juliana',2,'1986-09-05',12,1,'South Theodora','South Africa','1999-03-13 04:05:06','2021-03-13 18:22:45'),(13,'Quinn','Powlowski','Quinn',1,'1988-09-07',13,7,'Port Conradton','Croatia','2009-03-19 16:54:33','2021-03-13 18:22:45'),(14,'Rickey','Kunze','Rickey',2,'1977-09-11',NULL,3,'Handtown','Oman','2018-12-24 06:41:17','2021-03-13 18:22:45'),(15,'Edward','Wehner','Edward',1,'1996-02-03',15,3,'Paucekshire','Macao','2015-01-06 10:56:47','2021-03-13 18:22:45'),(16,'Paris','Hamill','Paris',2,'2016-09-29',NULL,5,'Daveshire','Western Sahara','1975-07-04 23:50:10','2021-03-13 18:22:45'),(17,'Eloise','Connelly','Eloise',2,'2018-11-22',17,6,'South Joesph','Mauritius','2009-05-15 10:58:50','2021-03-13 18:22:45'),(18,'Shawna','Smith','Shawna',1,'1974-10-08',NULL,2,'Port Laronburgh','Barbados','1992-06-28 01:24:44','2021-03-13 18:22:45'),(19,'Marcelle','Johns','Marcelle',2,'2004-07-12',NULL,1,'Kilbackhaven','New Caledonia','1988-12-11 07:37:57','2021-03-13 18:22:45'),(20,'Casandra','Thiel','Casandra',2,'2014-08-11',20,3,'East Oleta','Austria','2001-05-21 05:11:15','2021-03-13 18:22:45'),(21,'Annamae','Christiansen','Annamae',1,'2002-08-18',NULL,6,'Hageneschester','Dominican Republic','2021-01-07 00:27:39','2021-03-13 18:22:45'),(22,'Deja','Murray','Deja',1,'1990-09-04',NULL,3,'North Lurline','Saint Vincent and the Grenadines','2014-03-20 23:32:49','2021-03-13 18:22:45'),(23,'Leora','Jerde','Leora',2,'1981-06-03',NULL,7,'Port Jimmieshire','Qatar','1992-01-09 12:04:26','2021-03-13 18:22:45'),(24,'Agustin','Lubowitz','Agustin',2,'1985-05-17',NULL,5,'New Jailyn','Burundi','2011-04-04 19:17:07','2021-03-13 18:22:45'),(25,'Marie','Schoen','Marie',1,'1989-04-12',NULL,5,'West Brittany','Cuba','1972-11-16 13:11:07','2021-03-13 18:22:45'),(26,'Tracy','Reynolds','Tracy',1,'1978-12-24',26,6,'East Jacquesland','Syrian Arab Republic','2006-09-09 22:09:07','2021-03-13 18:22:45'),(27,'Annabel','Kling','Annabel',1,'2018-09-19',NULL,6,'Nicolasfurt','Lao People\'s Democratic Republic','1991-07-23 10:15:03','2021-03-13 18:22:45'),(28,'Jonathon','Botsford','Jonathon',2,'1977-02-14',NULL,3,'Lake Lavonne','Bolivia','2002-07-08 16:29:36','2021-03-13 18:22:45'),(29,'Simeon','McKenzie','Simeon',1,'1970-10-20',NULL,2,'Fredyborough','Azerbaijan','2015-06-23 08:37:21','2021-03-13 18:22:45'),(30,'Katherine','Ritchie','Katherine',1,'1970-02-22',NULL,1,'Annachester','Uganda','1988-03-28 12:33:24','2021-03-13 18:22:45'),(31,'Keeley','Adams','Keeley',2,'1991-09-24',NULL,2,'Port Dahlia','Norway','1989-04-16 15:00:59','2021-03-13 18:22:45'),(32,'Jacquelyn','Jacobson','Jacquelyn',1,'1986-11-06',NULL,6,'West Casperport','Kyrgyz Republic','1978-01-10 17:53:02','2021-03-13 18:22:45'),(33,'Douglas','Wisoky','Douglas',2,'2003-08-24',NULL,3,'East Leslyside','Wallis and Futuna','1990-02-27 04:15:10','2021-03-13 18:22:45'),(34,'Abelardo','Lemke','Abelardo',1,'2013-07-08',34,5,'North Othoside','Syrian Arab Republic','1971-03-23 03:36:10','2021-03-13 18:22:45'),(35,'Sydnie','Aufderhar','Sydnie',1,'2004-05-31',35,3,'East Clinthaven','Vanuatu','1980-03-31 15:32:14','2021-03-13 18:22:45'),(36,'Waino','Grady','Waino',2,'2015-05-29',NULL,3,'Hoppeshire','Croatia','2007-08-30 15:34:15','2021-03-13 18:22:45'),(37,'Angeline','Kilback','Angeline',1,'1989-01-31',NULL,7,'Kochhaven','Fiji','1985-07-22 19:25:01','2021-03-13 18:22:45'),(38,'Elfrieda','Parker','Elfrieda',2,'2006-06-01',38,7,'Alanisport','Romania','2005-01-06 12:07:00','2021-03-13 18:22:45'),(39,'Phyllis','Larson','Phyllis',1,'2002-09-16',39,5,'Stuartbury','Albania','1984-05-29 00:27:49','2021-03-13 18:22:45'),(40,'Parker','Pfannerstill','Parker',2,'2019-02-12',NULL,6,'New Rheafurt','Antigua and Barbuda','1990-06-26 13:32:26','2021-03-13 18:22:45'),(41,'Maye','West','Maye',1,'2011-11-29',NULL,1,'South Aryanna','Netherlands','1977-08-04 10:47:22','2021-03-13 18:22:45'),(42,'Lawson','Bogan','Lawson',1,'1985-04-01',NULL,6,'Titoberg','Vietnam','1980-10-09 16:16:49','2021-03-13 18:22:45'),(43,'Abdiel','Feil','Abdiel',1,'2003-07-30',43,3,'Port Brain','Hong Kong','2012-05-06 01:50:00','2021-03-13 18:22:45'),(44,'Jay','Pagac','Jay',2,'1994-03-27',NULL,6,'West Deja','Lebanon','2016-10-04 00:44:02','2021-03-13 18:22:45'),(45,'Haven','Satterfield','Haven',2,'1976-06-13',NULL,3,'Reidtown','Christmas Island','2016-02-07 19:36:17','2021-03-13 18:22:45'),(46,'Jaylan','Oberbrunner','Jaylan',2,'1984-10-30',46,6,'Joycefurt','Bangladesh','1999-08-05 17:16:33','2021-03-13 18:22:45'),(47,'Ryan','Brown','Ryan',2,'1979-09-05',NULL,3,'Lake Kelvinview','Lao People\'s Democratic Republic','2011-07-04 21:17:48','2021-03-13 18:22:45'),(48,'Prince','Fay','Prince',1,'2020-08-04',48,7,'Stevieton','Monaco','1983-02-01 08:51:06','2021-03-13 18:22:45'),(49,'Karley','Morar','Karley',1,'1979-12-24',NULL,5,'Terryside','Chile','1973-05-08 08:57:52','2021-03-13 18:22:45'),(50,'Georgiana','Dare','Georgiana',2,'1996-08-14',50,3,'West Simone','Samoa','1989-12-05 12:43:43','2021-03-13 18:22:45'),(51,'Earl','Pouros','Earl',1,'1991-03-29',NULL,3,'Port Greysonchester','Taiwan','2016-06-07 00:39:17','2021-03-13 18:22:45'),(52,'Ellie','Gleichner','Ellie',1,'2016-08-11',NULL,7,'Karaland','Austria','2020-04-06 15:08:13','2021-03-13 18:22:45'),(53,'Alden','Jacobs','Alden',2,'1975-02-28',53,6,'West Kelsie','Iran','2015-10-11 18:04:41','2021-03-13 18:22:45'),(54,'Hulda','Von','Hulda',2,'2004-10-12',NULL,5,'Gibsonport','Namibia','2010-08-06 05:21:58','2021-03-13 18:22:45'),(55,'Aaron','Bergstrom','Aaron',1,'2011-12-23',55,2,'Port Nicola','Tonga','1996-06-20 13:20:43','2021-03-13 18:22:45'),(56,'Keely','Jenkins','Keely',1,'1978-06-22',NULL,5,'Port Reginaldshire','Cuba','2019-05-27 19:09:56','2021-03-13 18:22:45'),(57,'Myron','Hansen','Myron',2,'1985-06-20',NULL,2,'South Stuart','Suriname','1991-07-14 11:57:31','2021-03-13 18:22:45'),(58,'Daphney','Marks','Daphney',2,'2020-05-05',NULL,3,'East Elliottfort','Costa Rica','1996-01-27 02:22:36','2021-03-13 18:22:45'),(59,'Lavada','Sawayn','Lavada',2,'1984-10-30',59,3,'East Haydenview','United Arab Emirates','1979-02-20 03:25:12','2021-03-13 18:22:45'),(60,'Madilyn','Torp','Madilyn',2,'1980-10-02',NULL,3,'Jettport','Burkina Faso','1999-11-02 06:55:57','2021-03-13 18:22:45'),(61,'Eldridge','Cassin','Eldridge',2,'2000-02-14',NULL,6,'Port Clementberg','Svalbard & Jan Mayen Islands','1999-02-24 01:57:34','2021-03-13 18:22:45'),(62,'Frederik','Daniel','Frederik',2,'2007-02-02',NULL,2,'Lake Ruthside','Costa Rica','2005-05-01 22:16:33','2021-03-13 18:22:45'),(63,'Jannie','Hammes','Jannie',2,'2009-03-12',NULL,1,'Strackehaven','Guernsey','2020-01-25 22:10:15','2021-03-13 18:22:45'),(64,'Lulu','Heaney','Lulu',1,'1977-02-06',NULL,3,'East Ed','Switzerland','2015-06-22 00:09:05','2021-03-13 18:22:45'),(65,'Helene','Grady','Helene',2,'1981-02-25',65,3,'West Kevon','Kazakhstan','1978-02-17 20:12:14','2021-03-13 18:22:45'),(66,'Jarrod','Ward','Jarrod',2,'1970-04-09',NULL,2,'Rowlandberg','Mongolia','1991-05-09 21:01:45','2021-03-13 18:22:45'),(67,'Abe','Nikolaus','Abe',1,'1998-06-26',NULL,5,'West Elenorshire','Liberia','1995-10-25 16:16:26','2021-03-13 18:22:45'),(68,'Tod','Rowe','Tod',2,'2002-11-21',NULL,3,'South Lorenzchester','Chile','1982-05-08 19:35:15','2021-03-13 18:22:45'),(69,'Winfield','Conroy','Winfield',2,'1994-01-23',69,3,'Reillyville','Antigua and Barbuda','1973-05-01 06:40:52','2021-03-13 18:22:45'),(70,'Graciela','Cremin','Graciela',1,'2018-09-12',NULL,3,'East Noemie','Tuvalu','1983-11-07 01:43:51','2021-03-13 18:22:45'),(71,'Pete','Schowalter','Pete',1,'1990-08-01',71,6,'Devinshire','French Guiana','1992-09-13 21:33:14','2021-03-13 18:22:45'),(72,'Arlo','Watsica','Arlo',1,'1982-09-05',NULL,3,'East Luzburgh','El Salvador','2018-07-26 13:18:33','2021-03-13 18:22:45'),(73,'Magdalen','Cronin','Magdalen',2,'2007-07-16',NULL,5,'Fritschfort','Iceland','1999-04-09 13:01:14','2021-03-13 18:22:45'),(74,'Kendra','Balistreri','Kendra',1,'1999-01-24',NULL,1,'Madgestad','Togo','1982-06-04 08:10:32','2021-03-13 18:22:45'),(75,'Christophe','Heller','Christophe',1,'1998-10-21',NULL,7,'Ritaberg','Sao Tome and Principe','1989-08-04 02:12:50','2021-03-13 18:22:45'),(76,'Moises','Thiel','Moises',1,'1990-11-12',NULL,6,'Wilmermouth','Gambia','2017-04-06 20:26:36','2021-03-13 18:22:45'),(77,'Kayleigh','Jacobi','Kayleigh',1,'1993-01-11',NULL,5,'Waelchimouth','Lebanon','1970-10-20 16:38:12','2021-03-13 18:22:45'),(78,'Keely','Murray','Keely',2,'1978-07-27',NULL,1,'South Christianaborough','Panama','2007-12-04 19:35:09','2021-03-13 18:22:45'),(79,'Armani','Padberg','Armani',2,'1977-03-29',NULL,3,'South Frederikberg','Algeria','1981-10-13 18:24:10','2021-03-13 18:22:45'),(80,'Junior','Streich','Junior',2,'2006-12-08',NULL,5,'Kerlukeville','Sao Tome and Principe','2002-03-20 10:18:26','2021-03-13 18:22:45'),(81,'Rickie','Berge','Rickie',2,'1975-11-02',81,6,'Lake Kacey','Lesotho','1972-01-20 17:23:51','2021-03-13 18:22:45'),(82,'Juliana','Stark','Juliana',2,'2005-08-03',NULL,7,'Herzogshire','Sierra Leone','2011-12-20 20:57:11','2021-03-13 18:22:45'),(83,'Bernard','Bahringer','Bernard',2,'2003-07-04',83,1,'Lake Vesta','Palau','2018-03-31 17:17:31','2021-03-13 18:22:45'),(84,'Emmie','Wehner','Emmie',1,'1975-06-17',84,6,'Port Guy','Equatorial Guinea','2019-08-18 16:35:10','2021-03-13 18:22:45'),(85,'Robyn','Nitzsche','Robyn',2,'1976-11-03',85,1,'East Newton','Argentina','2012-03-04 11:51:48','2021-03-13 18:22:45'),(86,'Ben','Streich','Ben',1,'2010-07-22',86,5,'Ignaciofort','Western Sahara','2005-09-10 14:27:29','2021-03-13 18:22:45'),(87,'Aditya','Feil','Aditya',2,'1976-11-16',87,2,'North Arnoldville','Tunisia','2014-03-29 08:06:55','2021-03-13 18:22:45'),(88,'Dejah','Ebert','Dejah',2,'2006-07-29',NULL,2,'Torphychester','Liberia','2009-11-28 08:19:14','2021-03-13 18:22:45'),(89,'Glenna','Luettgen','Glenna',2,'1985-07-31',NULL,2,'Lake Dominicborough','Malta','1991-10-01 01:27:40','2021-03-13 18:22:45'),(90,'Theresia','Stanton','Theresia',2,'1970-08-15',NULL,6,'Lake Selmerton','India','2013-09-24 10:03:51','2021-03-13 18:22:45'),(91,'Cortney','Reichel','Cortney',1,'1996-11-17',91,7,'Uptonchester','Sri Lanka','1979-02-27 08:50:13','2021-03-13 18:22:45'),(92,'Rosella','Botsford','Rosella',2,'1973-10-11',92,6,'Port Wanda','Saudi Arabia','2014-02-08 22:09:47','2021-03-13 18:22:45'),(93,'Howard','Welch','Howard',2,'1999-05-26',NULL,5,'West Vadaport','Uzbekistan','1995-02-21 20:21:28','2021-03-13 18:22:45'),(94,'Susan','Rodriguez','Susan',2,'2017-07-01',NULL,5,'North Jaysonville','Barbados','2004-10-10 20:16:44','2021-03-13 18:22:45'),(95,'Chet','Conroy','Chet',2,'1970-09-19',NULL,1,'South Garnettside','Guinea-Bissau','1982-03-19 18:35:08','2021-03-13 18:22:45'),(96,'Vada','Ratke','Vada',1,'2007-04-10',NULL,2,'Tianaside','Burkina Faso','1990-05-20 13:53:26','2021-03-13 18:22:45'),(97,'Libbie','Carter','Libbie',2,'2000-03-04',NULL,6,'Marisatown','Saint Lucia','1996-02-22 18:16:12','2021-03-13 18:22:45'),(98,'Frida','McDermott','Frida',2,'1988-06-22',NULL,6,'Lemkeside','United Arab Emirates','2013-04-25 05:23:46','2021-03-13 18:22:45'),(99,'Wilburn','Cronin','Wilburn',1,'2005-04-25',99,2,'South Genesiston','Bouvet Island (Bouvetoya)','1973-07-14 05:27:00','2021-03-13 18:22:45'),(100,'Mittie','Ondricka','Mittie',1,'2011-08-18',NULL,5,'Port Lennieview','Marshall Islands','1981-09-07 13:49:25','2021-03-13 18:22:45');
/*!40000 ALTER TABLE `profiles` ENABLE KEYS */;
UNLOCK TABLES;

--
-- Table structure for table `users`
--

DROP TABLE IF EXISTS `users`;
/*!40101 SET @saved_cs_client     = @@character_set_client */;
/*!50503 SET character_set_client = utf8mb4 */;
CREATE TABLE `users` (
  `id` int unsigned NOT NULL AUTO_INCREMENT COMMENT 'Идентификатор строки',
  `email` varchar(100) CHARACTER SET utf8mb4 COLLATE utf8mb4_unicode_ci NOT NULL COMMENT 'Почта',
  `phone` varchar(100) CHARACTER SET utf8mb4 COLLATE utf8mb4_unicode_ci NOT NULL COMMENT 'Телефон',
  `created_at` datetime DEFAULT CURRENT_TIMESTAMP COMMENT 'Время создания строки',
  `updated_at` datetime DEFAULT CURRENT_TIMESTAMP ON UPDATE CURRENT_TIMESTAMP COMMENT 'Время обновления строки',
  PRIMARY KEY (`id`),
  UNIQUE KEY `email` (`email`),
  UNIQUE KEY `phone` (`phone`)
) ENGINE=InnoDB AUTO_INCREMENT=101 DEFAULT CHARSET=utf8mb4 COLLATE=utf8mb4_unicode_ci COMMENT='Пользователи';
/*!40101 SET character_set_client = @saved_cs_client */;

--
-- Dumping data for table `users`
--

LOCK TABLES `users` WRITE;
/*!40000 ALTER TABLE `users` DISABLE KEYS */;
INSERT INTO `users` VALUES (1,'giuseppe98@example.net','619.882.4455','2004-12-14 03:17:37','1994-02-21 04:53:21'),(2,'ronny76@example.com','+16(4)7462513702','2018-01-08 11:04:43','1975-11-29 17:59:25'),(3,'jenkins.adella@example.com','946.189.4043x709','2005-10-19 03:39:22','1972-06-17 05:14:21'),(4,'fabiola.schiller@example.net','03765121876','2007-02-16 09:36:38','1977-09-19 08:30:41'),(5,'jany41@example.com','917-576-9403x525','2020-04-19 23:16:58','1977-01-15 15:46:05'),(6,'mquitzon@example.net','346-397-1305x432','2012-01-25 04:27:33','2011-09-11 10:18:02'),(7,'hahn.korbin@example.com','+07(0)8221976543','1971-08-17 03:17:24','2018-06-18 18:06:29'),(8,'general.shanahan@example.net','459-754-4430x4828','1990-01-14 09:48:43','2010-06-10 22:11:46'),(9,'irussel@example.com','(770)520-9293x0922','2008-05-09 00:21:33','1982-02-21 20:21:52'),(10,'xconsidine@example.net','665.038.1771x7767','2003-05-18 12:43:33','1977-02-07 05:20:10'),(11,'krohan@example.net','(445)597-9267x512','1988-05-01 06:54:10','2012-05-21 00:12:13'),(12,'ziemann.arely@example.net','1-344-533-1128x11758','1974-08-25 08:21:01','2013-07-26 18:11:47'),(13,'wcorwin@example.com','02010428694','1988-10-20 03:11:49','2004-06-30 13:06:31'),(14,'vschultz@example.org','1-667-870-0953x2727','1990-01-26 22:03:46','2019-09-01 12:28:28'),(15,'dfeeney@example.org','141-966-7368','2020-02-04 07:35:24','2009-09-30 17:39:32'),(16,'brian47@example.net','208.576.9970','1973-05-01 23:17:01','1983-12-08 08:40:49'),(17,'bednar.salvatore@example.org','504.197.3827x01815','1988-09-30 10:17:56','2000-10-20 05:07:04'),(18,'vance.osinski@example.org','(056)024-4780','2016-11-09 12:05:01','1975-06-05 06:35:58'),(19,'patricia36@example.net','+18(2)2718857773','1984-09-28 19:17:23','2006-01-02 00:36:55'),(20,'eduardo29@example.net','455.136.8616','1975-02-23 08:32:18','1974-12-03 22:33:17'),(21,'hkrajcik@example.net','750-120-2968','1978-03-20 06:05:18','2002-10-16 07:49:00'),(22,'jany.welch@example.net','174-138-2832x9787','1982-10-23 12:33:25','1977-03-25 02:51:05'),(23,'colleen.parisian@example.net','833.024.8132x258','2018-10-21 23:08:21','2000-06-28 13:26:20'),(24,'ryder.jacobson@example.com','346-471-5917x276','2014-01-26 02:34:54','1999-01-31 10:32:56'),(25,'beau73@example.net','07937787740','1983-01-06 03:35:35','1982-06-16 19:57:24'),(26,'ryley27@example.net','+44(9)6653743644','1972-11-16 07:10:57','1974-08-23 11:20:47'),(27,'schiller.dianna@example.net','748.990.6845','1970-05-12 22:26:47','2010-11-01 05:39:25'),(28,'hmohr@example.org','(792)353-6816x756','2018-07-13 11:26:53','2012-05-28 15:30:39'),(29,'ueichmann@example.org','690-142-2627x550','2016-12-29 02:35:10','1983-03-21 14:06:04'),(30,'jast.cary@example.org','+37(1)7110452442','2007-02-26 17:42:44','1985-07-12 17:25:46'),(31,'savanah78@example.net','+50(4)5619586128','1986-10-14 15:29:48','1987-04-01 14:07:06'),(32,'blick.lola@example.com','607.855.8032x8838','2007-04-13 08:35:15','1975-03-16 20:50:24'),(33,'king.darryl@example.com','(744)917-1835x65554','1974-10-21 08:16:38','2001-01-11 03:06:24'),(34,'devante.beer@example.net','1-864-141-8029x652','1975-07-19 08:58:20','2001-10-22 17:49:48'),(35,'isadore.jacobi@example.com','013-690-9419x862','1991-05-04 03:06:12','2001-06-25 17:27:26'),(36,'adams.abdiel@example.com','1-140-582-5347','1981-05-12 17:00:17','2016-06-02 17:37:15'),(37,'ygleason@example.com','1-418-843-3923','1995-08-27 08:18:19','1978-03-22 17:27:43'),(38,'eleanora07@example.com','(643)281-2176x3712','1996-06-27 13:52:30','1993-11-29 23:50:49'),(39,'okuhlman@example.org','1-219-960-7525','1977-07-01 09:55:40','2015-08-09 07:27:50'),(40,'xruecker@example.net','1-272-434-6735x5583','2007-08-13 15:34:08','1971-12-17 02:48:08'),(41,'tcole@example.org','02372802566','2011-01-18 21:47:29','1982-02-08 04:16:41'),(42,'vgrant@example.com','1-998-713-9175x49993','2001-02-27 17:59:09','1980-03-21 14:37:25'),(43,'turner.jerome@example.org','+73(7)5383163946','1994-11-06 17:34:14','1974-08-19 15:08:40'),(44,'johnnie10@example.net','363-151-0553x712','1981-10-03 11:13:18','1972-10-12 12:01:57'),(45,'senger.leilani@example.com','(450)522-8251x773','2009-06-27 04:26:53','1987-10-08 02:34:49'),(46,'torrance.champlin@example.net','00694687083','2009-11-03 17:31:31','2019-08-07 06:17:46'),(47,'harris.wade@example.net','1-390-010-4182','2015-09-07 15:47:07','1990-08-15 23:10:25'),(48,'caesar26@example.net','959.852.7549','1990-09-24 23:04:18','1997-09-03 06:53:38'),(49,'laney.dicki@example.org','548-121-2042','1989-03-04 05:30:40','2007-11-21 19:22:18'),(50,'pascale61@example.org','1-348-531-3295','1988-06-22 16:53:51','1997-11-15 11:24:01'),(51,'mayert.ernie@example.com','919.558.5835','2010-02-20 22:55:25','1976-11-21 08:31:34'),(52,'kcorkery@example.com','1-373-124-9610','1996-04-19 08:59:26','1989-12-28 00:22:59'),(53,'gerhold.janet@example.com','1-978-144-9513','2019-05-07 18:44:19','2001-04-13 16:10:31'),(54,'newton.o\'conner@example.org','(573)323-5907x41878','1987-10-02 03:47:24','1970-06-13 18:35:15'),(55,'yhoppe@example.net','1-425-986-2471','2004-12-16 22:32:52','1997-09-20 12:20:20'),(56,'grant.roberta@example.net','652-232-4119x46367','1991-08-26 22:57:01','1988-02-15 21:56:31'),(57,'henry02@example.com','(157)544-1841','1980-11-16 20:55:58','1978-07-24 16:18:49'),(58,'legros.shad@example.org','1-643-732-2249','2008-09-23 12:42:19','2000-08-25 10:19:36'),(59,'zachery.hickle@example.org','05896351724','2010-01-06 02:22:26','2018-05-28 08:02:25'),(60,'lwillms@example.org','562-038-0742','2011-04-22 08:13:29','2003-11-21 03:29:54'),(61,'do\'hara@example.org','1-341-764-5707','1980-10-03 05:36:36','1979-07-13 10:10:48'),(62,'hazel58@example.org','+51(0)9558501203','1982-05-04 12:51:29','2009-03-10 18:09:30'),(63,'wstamm@example.net','184.026.8580','1971-11-22 04:14:46','1978-07-06 09:20:09'),(64,'boris.reynolds@example.org','072.233.6927','1972-12-19 00:34:44','1984-04-02 02:54:45'),(65,'ferry.grayce@example.org','725.094.3937x771','1970-03-11 21:11:24','2011-07-08 01:15:25'),(66,'theodora.bins@example.org','911.082.1650x819','1985-01-01 05:00:23','2013-04-13 22:55:56'),(67,'hailie23@example.org','277-841-9523x522','2001-06-15 09:54:27','1995-01-29 06:30:29'),(68,'hintz.cortney@example.com','(161)786-0200x873','1979-12-02 14:45:44','1981-12-31 09:55:42'),(69,'white.jennie@example.org','08388242570','1984-07-20 23:54:43','2018-04-15 22:49:20'),(70,'santina.hickle@example.net','1-291-129-8172','2000-05-16 14:23:46','2001-11-09 02:07:27'),(71,'sylvia.hayes@example.org','1-626-389-0417x1105','2005-05-07 07:48:53','1990-09-03 06:30:51'),(72,'michale.spencer@example.com','480.432.9889x550','2007-10-12 07:13:46','1999-10-08 03:13:34'),(73,'iruecker@example.org','866-638-5994','1988-01-08 19:34:08','2016-04-11 20:29:00'),(74,'xzavier00@example.net','857.504.2362x7777','1998-12-25 03:17:34','1994-05-28 01:28:45'),(75,'reinger.jailyn@example.org','958-203-1308','1978-08-14 12:54:04','1988-03-11 15:45:53'),(76,'eldora.bartell@example.net','954.361.8844','1993-03-10 11:17:25','2011-04-17 20:59:22'),(77,'benny74@example.com','993.939.7131','2008-11-27 21:44:41','1991-05-29 04:10:19'),(78,'declan.barton@example.net','954-143-7760x4951','1971-01-10 11:48:12','2006-03-06 12:22:26'),(79,'malika13@example.com','427.531.6957','2000-10-23 17:25:47','1997-08-13 18:54:31'),(80,'ufunk@example.com','1-552-935-0588x70203','2014-06-21 06:44:52','2011-08-12 01:04:49'),(81,'wava.predovic@example.net','842.788.8822x95232','1977-01-30 23:03:42','1999-12-03 15:29:47'),(82,'rjones@example.net','1-434-132-2456x613','2002-08-06 09:28:47','1983-12-26 20:41:36'),(83,'fkling@example.com','(536)862-0295','2017-12-03 11:05:06','1971-05-03 22:04:20'),(84,'mathias.runolfsdottir@example.net','+04(1)4910726033','1972-08-27 06:27:16','2014-07-08 05:52:50'),(85,'fae.rowe@example.org','+55(7)3894120488','1986-05-19 17:06:27','1995-07-13 23:27:05'),(86,'lakin.brennan@example.net','206.123.6297x896','1995-03-16 09:05:52','2020-11-11 19:39:30'),(87,'qvandervort@example.com','969.024.1769','1983-06-11 05:36:02','1990-12-08 08:16:12'),(88,'maurice.hirthe@example.net','1-604-949-5588x751','1970-07-01 11:50:35','1980-06-10 20:44:13'),(89,'mack.littel@example.org','(431)298-8319','1994-06-16 13:47:56','1995-08-16 03:49:32'),(90,'waelchi.jaime@example.com','1-293-023-0552x35568','2002-05-22 11:18:11','1980-02-18 11:57:18'),(91,'merlin33@example.com','1-726-118-9686x9121','1995-03-01 23:18:29','1994-02-16 22:05:38'),(92,'qmckenzie@example.net','401.831.7583','1982-12-01 10:29:05','2019-04-15 13:05:51'),(93,'scot02@example.net','(881)358-2790x5967','1990-04-15 16:04:23','1972-05-23 01:00:07'),(94,'bernhard56@example.net','(023)501-5244','1988-07-09 10:32:58','1996-10-25 04:06:20'),(95,'thea50@example.com','100-291-5797','2002-02-22 12:07:36','2014-01-25 09:52:27'),(96,'welch.samara@example.com','1-697-848-0382x90411','2006-01-17 07:26:58','2020-12-16 17:43:03'),(97,'fhammes@example.net','749.948.2101x021','1971-04-07 05:41:30','1973-12-02 00:21:46'),(98,'kathryne.heaney@example.com','215.099.7555x1456','1973-12-11 05:25:14','1996-05-27 12:23:00'),(99,'will.estefania@example.com','1-777-496-2273','2008-11-03 01:28:52','2006-03-20 02:52:41'),(100,'dweissnat@example.net','550.310.7162x31335','2020-12-09 02:42:17','1980-06-03 21:49:29');
/*!40000 ALTER TABLE `users` ENABLE KEYS */;
UNLOCK TABLES;

--
-- Table structure for table `users_statuses`
--

DROP TABLE IF EXISTS `users_statuses`;
/*!40101 SET @saved_cs_client     = @@character_set_client */;
/*!50503 SET character_set_client = utf8mb4 */;
CREATE TABLE `users_statuses` (
  `id` int unsigned NOT NULL AUTO_INCREMENT COMMENT 'Идентификатор строки',
  `name` varchar(100) NOT NULL COMMENT 'Название статуса',
  `created_at` datetime DEFAULT CURRENT_TIMESTAMP COMMENT 'Время создания строки',
  `updated_at` datetime DEFAULT CURRENT_TIMESTAMP ON UPDATE CURRENT_TIMESTAMP COMMENT 'Время обновления строки',
  PRIMARY KEY (`id`)
) ENGINE=InnoDB AUTO_INCREMENT=8 DEFAULT CHARSET=utf8mb4 COLLATE=utf8mb4_0900_ai_ci COMMENT='Справочник статусов пользователя';
/*!40101 SET character_set_client = @saved_cs_client */;

--
-- Dumping data for table `users_statuses`
--

LOCK TABLES `users_statuses` WRITE;
/*!40000 ALTER TABLE `users_statuses` DISABLE KEYS */;
INSERT INTO `users_statuses` VALUES (1,'Single','2021-03-13 14:17:06','2021-03-13 14:17:06'),(2,'Married','2021-03-13 14:17:06','2021-03-13 14:17:06'),(3,'Divorced','2021-03-13 17:20:01','2021-03-13 17:20:01'),(5,'Widowed','2021-03-13 17:20:01','2021-03-13 17:20:01'),(6,'Searching','2021-03-13 17:20:01','2021-03-13 17:20:01'),(7,'It\'s complicated','2021-03-13 17:20:01','2021-03-13 17:20:01');
/*!40000 ALTER TABLE `users_statuses` ENABLE KEYS */;
UNLOCK TABLES;
/*!40103 SET TIME_ZONE=@OLD_TIME_ZONE */;

/*!40101 SET SQL_MODE=@OLD_SQL_MODE */;
/*!40014 SET FOREIGN_KEY_CHECKS=@OLD_FOREIGN_KEY_CHECKS */;
/*!40014 SET UNIQUE_CHECKS=@OLD_UNIQUE_CHECKS */;
/*!40101 SET CHARACTER_SET_CLIENT=@OLD_CHARACTER_SET_CLIENT */;
/*!40101 SET CHARACTER_SET_RESULTS=@OLD_CHARACTER_SET_RESULTS */;
/*!40101 SET COLLATION_CONNECTION=@OLD_COLLATION_CONNECTION */;
/*!40111 SET SQL_NOTES=@OLD_SQL_NOTES */;

-- Dump completed on 2021-03-13 18:27:12
